% PRELIMINARY DATA - SUBJECT TO CHANGE WITHOUT NOTICE - NOT YET PEER REVIEWED
% 
%%%%%%%
% 
% This file is based on the new high-resolution Berkeley Earth global temperature
% data set.  It expands upon the previous Berkeley Earth temperature data set by
% including predictive structures based on historical weather patterns and 
% increasing the underlying resolution to 0.25° x 0.25° latitude-longitude.
% Files based on this new data set are being provided as part of an early preview
% to aid in the identification of any remaining bugs or errors.  While, we 
% believe the current data set to be accurate and useful, it is still in 
% development and substantial revisions remain possible if significant issues
% are identified.
% 
%%%%%%%
% 
% This file contains a detailed summary of the changes in Earth's global average
% surface temperature estimated by combining the new high-resolution Berkeley Earth
% land-surface temperature field with a reinterpolated version of the HadSST4 
% ocean temperature field.  
% 
% As a preliminary data product, no citation for this work currently exists.
% 
% This global data product merges land-surface air temperatures with ocean sea surface
% water temperatures.  For most of the ocean, sea surface temperatures are similar 
% to near-surface air temperatures; however, air temperatures above sea ice can 
% differ substantially from the water below the sea ice.  In sea ice regions, 
% temperature anomalies are extrapolated from the land-surface air temperatures 
% when ice is present, and from the ocean temperatures when ice is absent.
% 
% The percent coverage of sea ice was taken from the HadISST v2 dataset and varies 
% by month and location.  In the typical month, between 3.5% and 5.5% of the 
% Earth's surface is covered with sea ice. For more information on the processing 
% and use of HadISST and HadSST refer to the description file for the combined 
% gridded data product. 
% 
% Temperature data contributing to this analysis include (but are not limited to): 
% 
% GHCN-Monhtly v4, Menne et al. 2018, https://doi.org/10.1175/JCLI-D-18-0094.1
% Global Summary of the Day, https://www.ncei.noaa.gov/products/global-summary-day
% MET-Reader, Scientific Committee for Antaractic Research, British Antarctic Survey,
%    https://legacy.bas.ac.uk/met/READER/
% HADSST4, Kennedy et al. 2019, https://doi.org/10.1029/2018JD029867
% 
% Ice mask data comes from: 
% 
% HadISST2, Titcher and Rayner 2014, https://doi.org/10.1002/2013JD020316
% Sea Ice Index, NSIDC, https://nsidc.org/data/g02135/versions/3
% 
% High-resolution downscaling algorithms were trained using high-resolution data,
% though none of this data is used directly in the reconstruction.  High-resolution
% datasets used in training include:
% 
% ERA5 from the Copernicus Climate Change Service, Hersbach et al. (2018), 
%    http://doi.org/10.24381/cds.adbb2d47
%    https://cds.climate.copernicus.eu/cdsapp#!/dataset/reanalysis-era5-single-levels
% 
% The above list of data sources is only a partial list.  For a more complete
% set of references please refer to Berkeley Earth's previous description papers.
% 
% 
% Temperatures are in Celsius and reported as anomalies 
% relative to the Jan 1951-Dec 1980 average. Uncertainties represent the 95% confidence 
% interval for statistical and spatial undersampling effects as well as ocean biases.
% 
% 
% The land analysis was run on 12-Jul-2026 02:32:21
% The ocean analysis was published on 09-Jul-2026 15:30:20
% 
% The land component is based on 53715 time series 
%   with 22387949 monthly data points
% 
% The ocean component is based on 505223557 instantaneous 
%   water temperature observations
%
% Estimated Jan 1951-Dec 1980 global mean temperature (°C):
%    14.100 +/- 0.0000.0000.0000.0000.0000.0000.0000.0000.0000.000
% 
% As Earth's land is not distributed symmetrically about the equator, there
% exists a mean seasonality to the global average temperature.  
% 
% Estimated Jan 1951-Dec 1980 monthly absolute temperature:
%      Jan   Feb   Mar   Apr   May   Jun   Jul   Aug   Sep   Oct   Nov   Dec
%     12.27 12.47 13.10 14.03 14.97 15.62 15.87 15.71 15.14 14.23 13.25 12.53
% +/-  0.00  0.00  0.00  0.00  0.00  0.00  0.00  0.00  0.00  0.00  0.00  0.00% +/-  0.00  0.00  0.00  0.00  0.00  0.00  0.00  0.00  0.00  0.00  0.00  0.00% +/-  0.00  0.00  0.00  0.00  0.00  0.00  0.00  0.00  0.00  0.00  0.00  0.00% +/-  0.00  0.00  0.00  0.00  0.00  0.00  0.00  0.00  0.00  0.00  0.00  0.00% +/-  0.00  0.00  0.00  0.00  0.00  0.00  0.00  0.00  0.00  0.00  0.00  0.00% +/-  0.00  0.00  0.00  0.00  0.00  0.00  0.00  0.00  0.00  0.00  0.00  0.00% +/-  0.00  0.00  0.00  0.00  0.00  0.00  0.00  0.00  0.00  0.00  0.00  0.00% +/-  0.00  0.00  0.00  0.00  0.00  0.00  0.00  0.00  0.00  0.00  0.00  0.00% +/-  0.00  0.00  0.00  0.00  0.00  0.00  0.00  0.00  0.00  0.00  0.00  0.00% +/-  0.00  0.00  0.00  0.00  0.00  0.00  0.00  0.00  0.00  0.00  0.00  0.00
% 
% For each month, we report the estimated global surface temperature anomaly 
% for that month and its uncertainty.  We also report the corresponding values 
% for 12-month, five-year, ten-year, and twenty-year moving averages CENTERED about 
% that month (rounding down if the center is in between months).  For example, 
% the annual average from January to December 1950 is reported at June 1950. 
% 
%                  Monthly          Annual          Five-year        Ten-year        Twenty-year
% Year, Month,  Anomaly, Unc.,   Anomaly, Unc.,   Anomaly, Unc.,   Anomaly, Unc.,   Anomaly, Unc.
 
  1850     1    -0.362  0.291       NaN    NaN       NaN    NaN       NaN    NaN       NaN    NaN
  1850     2    -0.426  0.349       NaN    NaN       NaN    NaN       NaN    NaN       NaN    NaN
  1850     3    -0.261  0.476       NaN    NaN       NaN    NaN       NaN    NaN       NaN    NaN
  1850     4    -0.983  0.749       NaN    NaN       NaN    NaN       NaN    NaN       NaN    NaN
  1850     5    -0.677  0.622       NaN    NaN       NaN    NaN       NaN    NaN       NaN    NaN
  1850     6    -0.306  0.434    -0.360  0.292       NaN    NaN       NaN    NaN       NaN    NaN
  1850     7    -0.195  0.317    -0.344  0.302       NaN    NaN       NaN    NaN       NaN    NaN
  1850     8    -0.112  0.350    -0.331  0.296       NaN    NaN       NaN    NaN       NaN    NaN
  1850     9    -0.317  0.463    -0.336  0.274       NaN    NaN       NaN    NaN       NaN    NaN
  1850    10    -0.280  0.318    -0.303  0.253       NaN    NaN       NaN    NaN       NaN    NaN
  1850    11     0.025  0.394    -0.261  0.256       NaN    NaN       NaN    NaN       NaN    NaN
  1850    12    -0.427  0.418    -0.249  0.262       NaN    NaN       NaN    NaN       NaN    NaN
  1851     1    -0.172  0.438    -0.243  0.268       NaN    NaN       NaN    NaN       NaN    NaN
  1851     2    -0.263  0.275    -0.255  0.266       NaN    NaN       NaN    NaN       NaN    NaN
  1851     3    -0.328  0.325    -0.246  0.259       NaN    NaN       NaN    NaN       NaN    NaN
  1851     4    -0.590  0.521    -0.226  0.270       NaN    NaN       NaN    NaN       NaN    NaN
  1851     5    -0.170  0.458    -0.245  0.280       NaN    NaN       NaN    NaN       NaN    NaN
  1851     6    -0.159  0.380    -0.230  0.291       NaN    NaN       NaN    NaN       NaN    NaN
  1851     7    -0.120  0.406    -0.252  0.299       NaN    NaN       NaN    NaN       NaN    NaN
  1851     8    -0.261  0.308    -0.256  0.318       NaN    NaN       NaN    NaN       NaN    NaN
  1851     9    -0.212  0.332    -0.269  0.328       NaN    NaN       NaN    NaN       NaN    NaN
  1851    10    -0.041  0.403    -0.259  0.298       NaN    NaN       NaN    NaN       NaN    NaN
  1851    11    -0.198  0.441    -0.255  0.272       NaN    NaN       NaN    NaN       NaN    NaN
  1851    12    -0.243  0.538    -0.247  0.256       NaN    NaN       NaN    NaN       NaN    NaN
  1852     1    -0.439  0.538    -0.238  0.245       NaN    NaN       NaN    NaN       NaN    NaN
  1852     2    -0.315  0.483    -0.228  0.250       NaN    NaN       NaN    NaN       NaN    NaN
  1852     3    -0.474  0.445    -0.221  0.242       NaN    NaN       NaN    NaN       NaN    NaN
  1852     4    -0.474  0.360    -0.232  0.237       NaN    NaN       NaN    NaN       NaN    NaN
  1852     5    -0.126  0.369    -0.223  0.233       NaN    NaN       NaN    NaN       NaN    NaN
  1852     6    -0.055  0.205    -0.222  0.209    -0.261  0.209       NaN    NaN       NaN    NaN
  1852     7    -0.017  0.242    -0.212  0.207    -0.259  0.211       NaN    NaN       NaN    NaN
  1852     8    -0.136  0.334    -0.208  0.190    -0.254  0.212       NaN    NaN       NaN    NaN
  1852     9    -0.135  0.252    -0.200  0.196    -0.251  0.214       NaN    NaN       NaN    NaN
  1852    10    -0.167  0.334    -0.170  0.201    -0.237  0.206       NaN    NaN       NaN    NaN
  1852    11    -0.100  0.475    -0.174  0.201    -0.229  0.202       NaN    NaN       NaN    NaN
  1852    12    -0.223  0.405    -0.171  0.205    -0.226  0.200       NaN    NaN       NaN    NaN
  1853     1    -0.327  0.597    -0.176  0.210    -0.228  0.195       NaN    NaN       NaN    NaN
  1853     2    -0.260  0.393    -0.179  0.207    -0.228  0.192       NaN    NaN       NaN    NaN
  1853     3    -0.374  0.402    -0.194  0.220    -0.227  0.188       NaN    NaN       NaN    NaN
  1853     4    -0.117  0.262    -0.204  0.209    -0.223  0.186       NaN    NaN       NaN    NaN
  1853     5    -0.171  0.237    -0.230  0.199    -0.228  0.183       NaN    NaN       NaN    NaN
  1853     6    -0.029  0.240    -0.228  0.199    -0.226  0.179       NaN    NaN       NaN    NaN
  1853     7    -0.076  0.324    -0.230  0.173    -0.227  0.175       NaN    NaN       NaN    NaN
  1853     8    -0.165  0.296    -0.245  0.158    -0.227  0.173       NaN    NaN       NaN    NaN
  1853     9    -0.319  0.339    -0.233  0.147    -0.224  0.174       NaN    NaN       NaN    NaN
  1853    10    -0.284  0.192    -0.227  0.160    -0.222  0.169       NaN    NaN       NaN    NaN
  1853    11    -0.409  0.305    -0.250  0.154    -0.222  0.166       NaN    NaN       NaN    NaN
  1853    12    -0.204  0.463    -0.269  0.153    -0.224  0.162       NaN    NaN       NaN    NaN
  1854     1    -0.352  0.246    -0.285  0.149    -0.228  0.159       NaN    NaN       NaN    NaN
  1854     2    -0.442  0.395    -0.280  0.157    -0.230  0.158       NaN    NaN       NaN    NaN
  1854     3    -0.224  0.300    -0.273  0.165    -0.236  0.157       NaN    NaN       NaN    NaN
  1854     4    -0.048  0.373    -0.263  0.184    -0.243  0.156       NaN    NaN       NaN    NaN
  1854     5    -0.450  0.196    -0.249  0.196    -0.249  0.156       NaN    NaN       NaN    NaN
  1854     6    -0.255  0.230    -0.263  0.197    -0.258  0.155       NaN    NaN       NaN    NaN
  1854     7    -0.272  0.331    -0.256  0.213    -0.259  0.151       NaN    NaN       NaN    NaN
  1854     8    -0.099  0.282    -0.229  0.223    -0.263  0.148       NaN    NaN       NaN    NaN
  1854     9    -0.238  0.358    -0.217  0.245    -0.265  0.149       NaN    NaN       NaN    NaN
  1854    10    -0.163  0.437    -0.225  0.235    -0.267  0.153       NaN    NaN       NaN    NaN
  1854    11    -0.242  0.300    -0.203  0.227    -0.271  0.152       NaN    NaN       NaN    NaN
  1854    12    -0.373  0.405    -0.195  0.217    -0.277  0.154    -0.303  0.148       NaN    NaN
  1855     1    -0.269  0.443    -0.199  0.195    -0.284  0.153    -0.303  0.148       NaN    NaN
  1855     2    -0.117  0.344    -0.200  0.181    -0.288  0.150    -0.301  0.148       NaN    NaN
  1855     3    -0.084  0.396    -0.199  0.164    -0.292  0.149    -0.299  0.148       NaN    NaN
  1855     4    -0.142  0.288    -0.192  0.154    -0.297  0.148    -0.292  0.144       NaN    NaN
  1855     5    -0.181  0.283    -0.193  0.152    -0.299  0.143    -0.288  0.143       NaN    NaN
  1855     6    -0.167  0.163    -0.188  0.144    -0.300  0.143    -0.288  0.143       NaN    NaN
  1855     7    -0.316  0.215    -0.186  0.132    -0.304  0.136    -0.289  0.141       NaN    NaN
  1855     8    -0.103  0.137    -0.199  0.127    -0.305  0.134    -0.291  0.141       NaN    NaN
  1855     9    -0.233  0.241    -0.201  0.132    -0.301  0.131    -0.291  0.138       NaN    NaN
  1855    10    -0.082  0.220    -0.228  0.134    -0.305  0.130    -0.291  0.137       NaN    NaN
  1855    11    -0.247  0.270    -0.230  0.128    -0.310  0.129    -0.294  0.137       NaN    NaN
  1855    12    -0.315  0.203    -0.239  0.124    -0.317  0.130    -0.296  0.135       NaN    NaN
  1856     1    -0.249  0.359    -0.242  0.131    -0.321  0.126    -0.298  0.134       NaN    NaN
  1856     2    -0.265  0.258    -0.265  0.137    -0.323  0.124    -0.302  0.135       NaN    NaN
  1856     3    -0.112  0.278    -0.290  0.135    -0.325  0.122    -0.302  0.137       NaN    NaN
  1856     4    -0.464  0.298    -0.325  0.137    -0.328  0.121    -0.297  0.134       NaN    NaN
  1856     5    -0.202  0.189    -0.348  0.143    -0.330  0.117    -0.298  0.131       NaN    NaN
  1856     6    -0.282  0.146    -0.388  0.143    -0.333  0.114    -0.299  0.129       NaN    NaN
  1856     7    -0.346  0.258    -0.408  0.151    -0.336  0.114    -0.300  0.126       NaN    NaN
  1856     8    -0.385  0.164    -0.434  0.173    -0.334  0.117    -0.300  0.124       NaN    NaN
  1856     9    -0.535  0.266    -0.472  0.174    -0.335  0.117    -0.301  0.123       NaN    NaN
  1856    10    -0.494  0.401    -0.483  0.195    -0.336  0.114    -0.305  0.121       NaN    NaN
  1856    11    -0.528  0.386    -0.500  0.194    -0.331  0.115    -0.305  0.119       NaN    NaN
  1856    12    -0.797  0.386    -0.509  0.199    -0.330  0.114    -0.305  0.117       NaN    NaN
  1857     1    -0.479  0.422    -0.518  0.196    -0.333  0.112    -0.307  0.117       NaN    NaN
  1857     2    -0.585  0.413    -0.518  0.189    -0.336  0.111    -0.310  0.114       NaN    NaN
  1857     3    -0.566  0.317    -0.505  0.180    -0.341  0.110    -0.311  0.115       NaN    NaN
  1857     4    -0.597  0.405    -0.499  0.174    -0.343  0.109    -0.311  0.116       NaN    NaN
  1857     5    -0.404  0.316    -0.475  0.157    -0.344  0.108    -0.312  0.115       NaN    NaN
  1857     6    -0.397  0.205    -0.431  0.136    -0.345  0.105    -0.314  0.116       NaN    NaN
  1857     7    -0.443  0.256    -0.439  0.129    -0.347  0.102    -0.318  0.116       NaN    NaN
  1857     8    -0.388  0.199    -0.416  0.125    -0.348  0.105    -0.320  0.115       NaN    NaN
  1857     9    -0.382  0.214    -0.380  0.113    -0.348  0.107    -0.323  0.115       NaN    NaN
  1857    10    -0.421  0.206    -0.362  0.099    -0.347  0.107    -0.324  0.114       NaN    NaN
  1857    11    -0.235  0.303    -0.368  0.094    -0.348  0.107    -0.328  0.114       NaN    NaN
  1857    12    -0.273  0.278    -0.372  0.095    -0.349  0.108    -0.332  0.116       NaN    NaN
  1858     1    -0.573  0.173    -0.362  0.088    -0.350  0.111    -0.333  0.115       NaN    NaN
  1858     2    -0.309  0.262    -0.354  0.104    -0.355  0.113    -0.334  0.116       NaN    NaN
  1858     3    -0.143  0.355    -0.357  0.111    -0.354  0.112    -0.333  0.117       NaN    NaN
  1858     4    -0.381  0.395    -0.361  0.117    -0.359  0.109    -0.334  0.119       NaN    NaN
  1858     5    -0.475  0.255    -0.384  0.105    -0.361  0.112    -0.335  0.118       NaN    NaN
  1858     6    -0.437  0.219    -0.396  0.098    -0.366  0.113    -0.339  0.117       NaN    NaN
  1858     7    -0.330  0.265    -0.393  0.108    -0.368  0.117    -0.342  0.115       NaN    NaN
  1858     8    -0.292  0.352    -0.394  0.114    -0.377  0.120    -0.345  0.114       NaN    NaN
  1858     9    -0.419  0.245    -0.404  0.134    -0.380  0.122    -0.347  0.111       NaN    NaN
  1858    10    -0.459  0.197    -0.380  0.138    -0.373  0.123    -0.349  0.111       NaN    NaN
  1858    11    -0.512  0.261    -0.356  0.144    -0.375  0.122    -0.348  0.111       NaN    NaN
  1858    12    -0.424  0.355    -0.334  0.148    -0.373  0.123    -0.349  0.107       NaN    NaN
  1859     1    -0.538  0.292    -0.344  0.139    -0.372  0.122    -0.350  0.106       NaN    NaN
  1859     2    -0.322  0.357    -0.342  0.133    -0.369  0.120    -0.351  0.108       NaN    NaN
  1859     3    -0.255  0.400    -0.355  0.122    -0.366  0.121    -0.353  0.106       NaN    NaN
  1859     4    -0.102  0.367    -0.338  0.113    -0.367  0.121    -0.358  0.107       NaN    NaN
  1859     5    -0.184  0.355    -0.322  0.129    -0.361  0.120    -0.357  0.108       NaN    NaN
  1859     6    -0.176  0.298    -0.320  0.110    -0.353  0.118    -0.355  0.109       NaN    NaN
  1859     7    -0.441  0.277    -0.307  0.110    -0.356  0.125    -0.354  0.109       NaN    NaN
  1859     8    -0.276  0.248    -0.297  0.129    -0.357  0.128    -0.357  0.109       NaN    NaN
  1859     9    -0.568  0.265    -0.282  0.151    -0.357  0.132    -0.358  0.108       NaN    NaN
  1859    10    -0.260  0.251    -0.279  0.148    -0.354  0.135    -0.359  0.109       NaN    NaN
  1859    11    -0.313  0.281    -0.284  0.149    -0.353  0.136    -0.359  0.110       NaN    NaN
  1859    12    -0.407  0.305    -0.291  0.146    -0.351  0.139    -0.358  0.108    -0.289  0.106
  1860     1    -0.380  0.282    -0.285  0.152    -0.352  0.139    -0.357  0.109    -0.289  0.106
  1860     2    -0.206  0.368    -0.294  0.155    -0.352  0.140    -0.356  0.111    -0.288  0.106
  1860     3    -0.072  0.554    -0.264  0.156    -0.353  0.139    -0.356  0.112    -0.288  0.106
  1860     4    -0.069  0.275    -0.272  0.169    -0.352  0.137    -0.356  0.113    -0.284  0.105
  1860     5    -0.245  0.249    -0.276  0.186    -0.356  0.139    -0.356  0.113    -0.282  0.105
  1860     6    -0.251  0.211    -0.292  0.216    -0.364  0.144    -0.354  0.113    -0.282  0.105
  1860     7    -0.374  0.302    -0.292  0.230    -0.362  0.150    -0.351  0.114    -0.281  0.104
  1860     8    -0.382  0.268    -0.343  0.235    -0.364  0.154    -0.351  0.115    -0.282  0.104
  1860     9    -0.207  0.407    -0.364  0.216    -0.366  0.154    -0.349  0.115    -0.282  0.103
  1860    10    -0.360  0.311    -0.361  0.221    -0.363  0.155    -0.350  0.114    -0.283  0.103
  1860    11    -0.360  0.453    -0.364  0.220    -0.361  0.154    -0.347  0.115    -0.285  0.102
  1860    12    -0.605  0.503    -0.359  0.221    -0.362  0.154    -0.346  0.116    -0.285  0.101
  1861     1    -0.371  0.434    -0.353  0.219    -0.362  0.156    -0.346  0.117    -0.286  0.100
  1861     2    -0.818  0.318    -0.339  0.217    -0.367  0.155    -0.345  0.118    -0.286  0.100
  1861     3    -0.324  0.464    -0.350  0.234    -0.369  0.153    -0.346  0.118    -0.286  0.101
  1861     4    -0.033  0.452    -0.363  0.239    -0.369  0.152    -0.345  0.116    -0.284  0.100
  1861     5    -0.281  0.710    -0.349  0.225    -0.366  0.153    -0.348  0.116    -0.284  0.099
  1861     6    -0.200  0.295    -0.325  0.217    -0.364  0.146    -0.348  0.117    -0.283  0.099
  1861     7    -0.300  0.422    -0.347  0.237    -0.364  0.146    -0.346  0.116    -0.283  0.099
  1861     8    -0.208  0.396    -0.336  0.253    -0.368  0.147    -0.345  0.114    -0.283  0.098
  1861     9    -0.345  0.386    -0.353  0.280    -0.371  0.142    -0.344  0.114    -0.284  0.098
  1861    10    -0.509  0.299    -0.389  0.291    -0.380  0.144    -0.341  0.115    -0.285  0.097
  1861    11    -0.193  0.224    -0.390  0.263    -0.382  0.144    -0.337  0.113    -0.286  0.097
  1861    12    -0.318  0.313    -0.401  0.266    -0.381  0.142    -0.330  0.114    -0.286  0.097
  1862     1    -0.639  0.601    -0.415  0.248    -0.375  0.140    -0.329  0.115    -0.285  0.096
  1862     2    -0.683  0.376    -0.432  0.237    -0.377  0.141    -0.327  0.116    -0.284  0.096
  1862     3    -0.526  0.584    -0.437  0.217    -0.374  0.139    -0.323  0.114    -0.284  0.097
  1862     4    -0.468  0.391    -0.425  0.223    -0.375  0.140    -0.321  0.115    -0.283  0.097
  1862     5    -0.289  0.317    -0.451  0.229    -0.373  0.142    -0.320  0.114    -0.283  0.096
  1862     6    -0.333  0.414    -0.484  0.225    -0.372  0.145    -0.319  0.114    -0.284  0.097
  1862     7    -0.473  0.181    -0.470  0.210    -0.367  0.147    -0.318  0.113    -0.284  0.097
  1862     8    -0.403  0.267    -0.450  0.210    -0.364  0.151    -0.319  0.114    -0.284  0.097
  1862     9    -0.412  0.295    -0.428  0.186    -0.365  0.150    -0.317  0.113    -0.283  0.097
  1862    10    -0.366  0.202    -0.403  0.188    -0.366  0.151    -0.316  0.113    -0.284  0.098
  1862    11    -0.506  0.364    -0.408  0.172    -0.364  0.151    -0.315  0.111    -0.286  0.097
  1862    12    -0.706  0.323    -0.423  0.172    -0.360  0.148    -0.316  0.112    -0.286  0.098
  1863     1    -0.479  0.451    -0.415  0.182    -0.352  0.147    -0.313  0.113    -0.286  0.098
  1863     2    -0.437  0.494    -0.427  0.187    -0.347  0.145    -0.314  0.116    -0.285  0.099
  1863     3    -0.270  0.625    -0.439  0.160    -0.344  0.146    -0.314  0.116    -0.284  0.099
  1863     4    -0.162  0.477    -0.448  0.150    -0.340  0.150    -0.312  0.116    -0.285  0.100
  1863     5    -0.354  0.312    -0.433  0.153    -0.334  0.154    -0.308  0.116    -0.286  0.101
  1863     6    -0.510  0.259    -0.397  0.137    -0.327  0.160    -0.305  0.115    -0.287  0.101
  1863     7    -0.372  0.281    -0.401  0.112    -0.324  0.160    -0.303  0.116    -0.287  0.100
  1863     8    -0.552  0.299    -0.414  0.085    -0.314  0.159    -0.302  0.117    -0.287  0.100
  1863     9    -0.559  0.251    -0.429  0.092    -0.312  0.161    -0.299  0.117    -0.287  0.100
  1863    10    -0.467  0.233    -0.468  0.116    -0.317  0.159    -0.295  0.119    -0.288  0.100
  1863    11    -0.323  0.440    -0.464  0.128    -0.322  0.150    -0.290  0.119    -0.287  0.100
  1863    12    -0.281  0.431    -0.430  0.137    -0.323  0.149    -0.287  0.117    -0.287  0.099
  1864     1    -0.527  0.363    -0.406  0.146    -0.320  0.146    -0.284  0.117    -0.286  0.100
  1864     2    -0.585  0.257    -0.394  0.145    -0.321  0.143    -0.282  0.119    -0.286  0.101
  1864     3    -0.458  0.238    -0.379  0.149    -0.322  0.144    -0.281  0.120    -0.287  0.103
  1864     4    -0.628  0.572    -0.365  0.170    -0.316  0.147    -0.281  0.121    -0.289  0.102
  1864     5    -0.311  0.342    -0.358  0.154    -0.313  0.147    -0.280  0.123    -0.288  0.103
  1864     6    -0.093  0.357    -0.359  0.154    -0.307  0.145    -0.280  0.122    -0.289  0.103
  1864     7    -0.084  0.208    -0.322  0.164    -0.302  0.141    -0.278  0.123    -0.289  0.103
  1864     8    -0.415  0.276    -0.277  0.176    -0.297  0.140    -0.279  0.123    -0.290  0.104
  1864     9    -0.371  0.228    -0.250  0.207    -0.290  0.134    -0.277  0.124    -0.290  0.105
  1864    10    -0.310  0.530    -0.207  0.203    -0.288  0.137    -0.278  0.123    -0.291  0.105
  1864    11    -0.233  0.373    -0.191  0.207    -0.288  0.137    -0.275  0.123    -0.292  0.106
  1864    12    -0.298  0.401    -0.186  0.205    -0.287  0.136    -0.275  0.125    -0.292  0.106
  1865     1    -0.079  0.424    -0.169  0.213    -0.284  0.136    -0.275  0.125    -0.291  0.107
  1865     2    -0.050  0.428    -0.144  0.208    -0.285  0.138    -0.276  0.125    -0.291  0.108
  1865     3    -0.129  0.373    -0.117  0.220    -0.282  0.138    -0.277  0.124    -0.293  0.108
  1865     4    -0.109  0.505    -0.101  0.221    -0.279  0.139    -0.276  0.125    -0.294  0.109
  1865     5    -0.125  0.421    -0.078  0.246    -0.273  0.135    -0.276  0.125    -0.294  0.109
  1865     6    -0.024  0.402    -0.069  0.265    -0.269  0.136    -0.276  0.125    -0.295  0.109
  1865     7     0.114  0.442    -0.081  0.258    -0.265  0.137    -0.274  0.122    -0.295  0.109
  1865     8    -0.108  0.191    -0.093  0.247    -0.263  0.140    -0.273  0.122    -0.295  0.110
  1865     9    -0.047  0.386    -0.099  0.258    -0.262  0.139    -0.274  0.122    -0.295  0.110
  1865    10    -0.120  0.421    -0.116  0.250    -0.261  0.143    -0.274  0.126    -0.295  0.110
  1865    11     0.035  0.575    -0.158  0.238    -0.255  0.144    -0.275  0.125    -0.295  0.110
  1865    12    -0.189  0.650    -0.175  0.217    -0.249  0.141    -0.274  0.127    -0.295  0.111
  1866     1    -0.214  0.433    -0.194  0.216    -0.243  0.140    -0.274  0.127    -0.295  0.112
  1866     2    -0.197  0.378    -0.206  0.225    -0.238  0.142    -0.270  0.127    -0.295  0.114
  1866     3    -0.207  0.520    -0.237  0.243    -0.230  0.144    -0.269  0.125    -0.296  0.113
  1866     4    -0.304  0.364    -0.243  0.240    -0.220  0.149    -0.271  0.126    -0.295  0.113
  1866     5    -0.630  0.372    -0.246  0.243    -0.215  0.148    -0.269  0.122    -0.296  0.114
  1866     6    -0.234  0.267    -0.224  0.206    -0.210  0.152    -0.268  0.121    -0.296  0.114
  1866     7    -0.113  0.419    -0.234  0.214    -0.204  0.153    -0.267  0.120    -0.295  0.114
  1866     8    -0.255  0.291    -0.249  0.208    -0.195  0.155    -0.267  0.120    -0.295  0.114
  1866     9    -0.410  0.448    -0.244  0.179    -0.191  0.161    -0.268  0.120    -0.294  0.115
  1866    10    -0.194  0.398    -0.248  0.211    -0.183  0.163    -0.266  0.121    -0.293  0.115
  1866    11    -0.004  0.307    -0.216  0.223    -0.179  0.165    -0.267  0.121    -0.292  0.116
  1866    12     0.076  0.390    -0.222  0.241    -0.178  0.165    -0.266  0.120    -0.289  0.116
  1867     1    -0.338  0.295    -0.236  0.215    -0.181  0.165    -0.263  0.117    -0.287  0.116
  1867     2    -0.377  0.303    -0.255  0.222    -0.182  0.164    -0.259  0.118    -0.285  0.116
  1867     3    -0.144  0.531    -0.240  0.198    -0.180  0.164    -0.257  0.116    -0.282  0.116
  1867     4    -0.348  0.519    -0.240  0.219    -0.181  0.157    -0.256  0.116    -0.280  0.116
  1867     5    -0.253  0.566    -0.251  0.209    -0.176  0.155    -0.254  0.116    -0.279  0.116
  1867     6    -0.307  0.502    -0.296  0.214    -0.178  0.155    -0.254  0.116    -0.277  0.117
  1867     7    -0.281  0.428    -0.286  0.218    -0.184  0.155    -0.251  0.116    -0.275  0.116
  1867     8    -0.480  0.591    -0.282  0.231    -0.187  0.153    -0.247  0.117    -0.273  0.117
  1867     9    -0.234  0.348    -0.290  0.239    -0.189  0.150    -0.244  0.116    -0.271  0.117
  1867    10    -0.194  0.310    -0.265  0.233    -0.187  0.148    -0.245  0.117    -0.270  0.117
  1867    11    -0.136  0.279    -0.246  0.225    -0.189  0.145    -0.244  0.115    -0.268  0.117
  1867    12    -0.462  0.385    -0.232  0.191    -0.191  0.142    -0.240  0.116    -0.266  0.119
  1868     1    -0.218  0.486    -0.209  0.207    -0.196  0.139    -0.238  0.116    -0.264  0.120
  1868     2    -0.325  0.581    -0.190  0.210    -0.198  0.139    -0.236  0.114    -0.262  0.121
  1868     3    -0.237  0.547    -0.177  0.205    -0.203  0.136    -0.235  0.114    -0.260  0.122
  1868     4    -0.056  0.556    -0.151  0.225    -0.208  0.133    -0.236  0.115    -0.257  0.123
  1868     5    -0.018  0.258    -0.140  0.255    -0.216  0.126    -0.236  0.116    -0.255  0.122
  1868     6    -0.146  0.250    -0.099  0.275    -0.221  0.120    -0.234  0.116    -0.254  0.122
  1868     7    -0.000  0.263    -0.096  0.273    -0.223  0.116    -0.232  0.115    -0.252  0.123
  1868     8    -0.250  0.472    -0.075  0.243    -0.226  0.118    -0.229  0.116    -0.251  0.123
  1868     9    -0.082  0.385    -0.073  0.227    -0.227  0.116    -0.227  0.117    -0.249  0.124
  1868    10     0.118  0.490    -0.077  0.208    -0.225  0.119    -0.227  0.118    -0.247  0.124
  1868    11    -0.006  0.530    -0.082  0.237    -0.216  0.118    -0.227  0.117    -0.245  0.124
  1868    12     0.028  0.324    -0.076  0.235    -0.214  0.119    -0.225  0.118    -0.244  0.123
  1869     1    -0.176  0.461    -0.099  0.228    -0.214  0.116    -0.222  0.118    -0.241  0.123
  1869     2    -0.069  0.380    -0.114  0.228    -0.214  0.115    -0.221  0.120    -0.240  0.125
  1869     3    -0.218  0.495    -0.129  0.217    -0.214  0.113    -0.221  0.125    -0.240  0.124
  1869     4    -0.108  0.304    -0.171  0.186    -0.216  0.114    -0.220  0.124    -0.240  0.125
  1869     5    -0.077  0.616    -0.163  0.163    -0.221  0.116    -0.220  0.124    -0.240  0.125
  1869     6    -0.071  0.276    -0.200  0.167    -0.226  0.119    -0.223  0.124    -0.240  0.124
  1869     7    -0.272  0.308    -0.222  0.168    -0.224  0.120    -0.225  0.124    -0.240  0.124
  1869     8    -0.429  0.237    -0.238  0.168    -0.221  0.122    -0.224  0.124    -0.240  0.124
  1869     9    -0.268  0.160    -0.241  0.154    -0.223  0.121    -0.222  0.124    -0.239  0.124
  1869    10    -0.391  0.377    -0.231  0.166    -0.223  0.120    -0.223  0.122    -0.239  0.124
  1869    11     0.092  0.161    -0.245  0.145    -0.221  0.120    -0.225  0.120    -0.238  0.124
  1869    12    -0.411  0.328    -0.251  0.138    -0.220  0.119    -0.225  0.120    -0.238  0.125
  1870     1    -0.441  0.360    -0.242  0.136    -0.218  0.119    -0.226  0.121    -0.238  0.125
  1870     2    -0.261  0.289    -0.225  0.137    -0.209  0.116    -0.227  0.120    -0.239  0.125
  1870     3    -0.255  0.280    -0.234  0.147    -0.207  0.113    -0.230  0.120    -0.239  0.124
  1870     4     0.018  0.483    -0.234  0.150    -0.210  0.114    -0.232  0.120    -0.240  0.124
  1870     5    -0.246  0.336    -0.277  0.139    -0.215  0.114    -0.233  0.119    -0.239  0.124
  1870     6    -0.151  0.312    -0.285  0.124    -0.212  0.118    -0.236  0.119    -0.240  0.124
  1870     7    -0.156  0.386    -0.278  0.109    -0.212  0.119    -0.238  0.118    -0.239  0.123
  1870     8    -0.233  0.253    -0.285  0.110    -0.209  0.115    -0.240  0.119    -0.238  0.123
  1870     9    -0.374  0.251    -0.285  0.113    -0.208  0.115    -0.240  0.118    -0.239  0.123
  1870    10    -0.386  0.253    -0.303  0.123    -0.212  0.117    -0.240  0.118    -0.238  0.124
  1870    11    -0.427  0.320    -0.291  0.130    -0.216  0.118    -0.243  0.116    -0.237  0.124
  1870    12    -0.504  0.400    -0.286  0.136    -0.219  0.119    -0.244  0.116    -0.234  0.125
  1871     1    -0.358  0.438    -0.283  0.163    -0.222  0.115    -0.245  0.118    -0.234  0.124
  1871     2    -0.346  0.312    -0.286  0.169    -0.220  0.117    -0.245  0.118    -0.230  0.124
  1871     3    -0.258  0.250    -0.289  0.163    -0.224  0.117    -0.245  0.118    -0.229  0.123
  1871     4    -0.195  0.426    -0.282  0.166    -0.234  0.112    -0.245  0.119    -0.229  0.122
  1871     5    -0.107  0.369    -0.274  0.170    -0.238  0.114    -0.243  0.120    -0.228  0.120
  1871     6    -0.092  0.303    -0.252  0.163    -0.241  0.114    -0.244  0.120    -0.229  0.120
  1871     7    -0.114  0.237    -0.237  0.151    -0.240  0.116    -0.244  0.120    -0.228  0.119
  1871     8    -0.266  0.271    -0.224  0.147    -0.247  0.118    -0.244  0.122    -0.228  0.119
  1871     9    -0.410  0.268    -0.227  0.147    -0.251  0.121    -0.244  0.122    -0.228  0.118
  1871    10    -0.309  0.273    -0.240  0.152    -0.257  0.119    -0.244  0.123    -0.226  0.118
  1871    11    -0.325  0.365    -0.239  0.147    -0.261  0.114    -0.246  0.124    -0.227  0.118
  1871    12    -0.237  0.197    -0.255  0.141    -0.269  0.114    -0.249  0.125    -0.227  0.117
  1872     1    -0.180  0.211    -0.258  0.145    -0.269  0.115    -0.246  0.125    -0.224  0.115
  1872     2    -0.194  0.339    -0.231  0.149    -0.265  0.114    -0.242  0.124    -0.222  0.114
  1872     3    -0.297  0.413    -0.205  0.134    -0.263  0.116    -0.241  0.124    -0.220  0.113
  1872     4    -0.352  0.428    -0.211  0.148    -0.265  0.117    -0.239  0.125    -0.219  0.112
  1872     5    -0.091  0.248    -0.220  0.137    -0.273  0.119    -0.237  0.126    -0.219  0.111
  1872     6    -0.290  0.197    -0.223  0.136    -0.272  0.120    -0.235  0.127    -0.219  0.110
  1872     7    -0.143  0.354    -0.227  0.157    -0.268  0.121    -0.232  0.127    -0.218  0.110
  1872     8     0.058  0.183    -0.226  0.150    -0.267  0.125    -0.228  0.127    -0.217  0.110
  1872     9    -0.096  0.210    -0.211  0.159    -0.271  0.127    -0.225  0.126    -0.217  0.110
  1872    10    -0.386  0.335    -0.207  0.160    -0.277  0.127    -0.224  0.128    -0.216  0.109
  1872    11    -0.427  0.209    -0.225  0.161    -0.276  0.128    -0.221  0.129    -0.215  0.108
  1872    12    -0.277  0.372    -0.226  0.164    -0.280  0.130    -0.217  0.132    -0.214  0.108
  1873     1    -0.229  0.410    -0.228  0.160    -0.281  0.134    -0.214  0.135    -0.213  0.106
  1873     2    -0.176  0.330    -0.243  0.162    -0.281  0.136    -0.210  0.133    -0.212  0.106
  1873     3    -0.127  0.332    -0.265  0.168    -0.277  0.135    -0.206  0.134    -0.212  0.105
  1873     4    -0.297  0.398    -0.272  0.168    -0.273  0.134    -0.203  0.135    -0.212  0.104
  1873     5    -0.310  0.257    -0.258  0.186    -0.269  0.137    -0.202  0.135    -0.211  0.104
  1873     6    -0.306  0.234    -0.246  0.173    -0.267  0.140    -0.202  0.134    -0.210  0.104
  1873     7    -0.162  0.369    -0.238  0.170    -0.266  0.145    -0.201  0.134    -0.210  0.104
  1873     8    -0.124  0.218    -0.261  0.180    -0.265  0.149    -0.199  0.135    -0.209  0.105
  1873     9    -0.364  0.265    -0.291  0.192    -0.263  0.153    -0.198  0.136    -0.208  0.105
  1873    10    -0.468  0.322    -0.305  0.183    -0.265  0.155    -0.200  0.134    -0.208  0.106
  1873    11    -0.256  0.310    -0.305  0.186    -0.271  0.158    -0.200  0.135    -0.208  0.106
  1873    12    -0.134  0.252    -0.323  0.193    -0.274  0.158    -0.201  0.136    -0.208  0.107
  1874     1    -0.136  0.483    -0.332  0.215    -0.274  0.158    -0.199  0.135    -0.207  0.106
  1874     2    -0.442  0.468    -0.343  0.224    -0.275  0.160    -0.199  0.136    -0.205  0.107
  1874     3    -0.487  0.501    -0.324  0.225    -0.274  0.163    -0.198  0.135    -0.205  0.108
  1874     4    -0.469  0.294    -0.327  0.218    -0.272  0.166    -0.198  0.135    -0.204  0.107
  1874     5    -0.316  0.358    -0.338  0.210    -0.271  0.165    -0.199  0.132    -0.205  0.107
  1874     6    -0.520  0.308    -0.356  0.219    -0.271  0.165    -0.201  0.132    -0.206  0.106
  1874     7    -0.272  0.232    -0.359  0.216    -0.269  0.168    -0.202  0.133    -0.208  0.106
  1874     8    -0.248  0.263    -0.339  0.226    -0.264  0.165    -0.201  0.131    -0.208  0.106
  1874     9    -0.140  0.205    -0.339  0.201    -0.259  0.164    -0.202  0.132    -0.209  0.105
  1874    10    -0.506  0.192    -0.330  0.201    -0.254  0.164    -0.199  0.133    -0.209  0.104
  1874    11    -0.389  0.379    -0.322  0.209    -0.253  0.167    -0.202  0.133    -0.210  0.104
  1874    12    -0.345  0.332    -0.308  0.208    -0.250  0.167    -0.201  0.132    -0.211  0.103
  1875     1    -0.176  0.536    -0.304  0.209    -0.246  0.166    -0.201  0.131    -0.212  0.102
  1875     2    -0.194  0.435    -0.303  0.213    -0.246  0.166    -0.202  0.131    -0.214  0.101
  1875     3    -0.489  0.366    -0.305  0.214    -0.244  0.166    -0.202  0.131    -0.215  0.101
  1875     4    -0.364  0.343    -0.271  0.215    -0.237  0.166    -0.203  0.130    -0.216  0.100
  1875     5    -0.215  0.309    -0.258  0.218    -0.228  0.167    -0.202  0.131    -0.217  0.098
  1875     6    -0.354  0.280    -0.260  0.223    -0.222  0.169    -0.204  0.131    -0.220  0.097
  1875     7    -0.230  0.220    -0.269  0.222    -0.216  0.170    -0.205  0.132    -0.223  0.096
  1875     8    -0.236  0.356    -0.277  0.220    -0.210  0.169    -0.204  0.133    -0.224  0.096
  1875     9    -0.159  0.347    -0.249  0.226    -0.204  0.168    -0.203  0.132    -0.225  0.095
  1875    10    -0.101  0.286    -0.241  0.219    -0.194  0.167    -0.202  0.131    -0.226  0.095
  1875    11    -0.231  0.371    -0.262  0.215    -0.188  0.167    -0.199  0.133    -0.227  0.093
  1875    12    -0.371  0.519    -0.258  0.201    -0.185  0.164    -0.195  0.133    -0.227  0.092
  1876     1    -0.279  0.460    -0.245  0.195    -0.180  0.167    -0.193  0.132    -0.228  0.091
  1876     2    -0.292  0.324    -0.254  0.196    -0.178  0.166    -0.190  0.132    -0.229  0.091
  1876     3    -0.151  0.361    -0.272  0.211    -0.172  0.166    -0.189  0.133    -0.230  0.090
  1876     4    -0.274  0.312    -0.279  0.210    -0.165  0.167    -0.188  0.132    -0.230  0.091
  1876     5    -0.469  0.219    -0.283  0.202    -0.162  0.165    -0.187  0.133    -0.228  0.092
  1876     6    -0.305  0.151    -0.272  0.189    -0.160  0.166    -0.189  0.133    -0.230  0.091
  1876     7    -0.073  0.294    -0.251  0.171    -0.158  0.164    -0.190  0.132    -0.231  0.091
  1876     8    -0.343  0.238    -0.219  0.156    -0.152  0.165    -0.189  0.131    -0.231  0.092
  1876     9    -0.374  0.412    -0.207  0.155    -0.145  0.159    -0.188  0.130    -0.231  0.092
  1876    10    -0.180  0.278    -0.190  0.159    -0.139  0.161    -0.187  0.131    -0.232  0.092
  1876    11    -0.280  0.311    -0.153  0.170    -0.137  0.162    -0.187  0.130    -0.234  0.092
  1876    12    -0.240  0.187    -0.134  0.168    -0.134  0.160    -0.187  0.130    -0.236  0.091
  1877     1    -0.033  0.190    -0.119  0.164    -0.135  0.159    -0.185  0.131    -0.238  0.091
  1877     2     0.093  0.203    -0.089  0.153    -0.136  0.155    -0.185  0.129    -0.239  0.090
  1877     3    -0.006  0.384    -0.054  0.136    -0.140  0.154    -0.184  0.128    -0.240  0.090
  1877     4    -0.065  0.396    -0.038  0.139    -0.133  0.155    -0.182  0.127    -0.240  0.090
  1877     5    -0.029  0.418    -0.004  0.135    -0.130  0.153    -0.183  0.127    -0.241  0.090
  1877     6    -0.071  0.254     0.026  0.147    -0.131  0.152    -0.184  0.126    -0.242  0.090
  1877     7     0.096  0.097     0.036  0.165    -0.134  0.147    -0.185  0.125    -0.242  0.089
  1877     8     0.026  0.264     0.043  0.171    -0.138  0.144    -0.188  0.125    -0.243  0.089
  1877     9     0.041  0.148     0.066  0.176    -0.133  0.143    -0.189  0.124    -0.244  0.089
  1877    10     0.013  0.295     0.097  0.170    -0.130  0.141    -0.187  0.122    -0.244  0.089
  1877    11     0.122  0.301     0.100  0.158    -0.128  0.141    -0.186  0.122    -0.245  0.089
  1877    12     0.125  0.303     0.100  0.145    -0.128  0.139    -0.187  0.121    -0.245  0.088
  1878     1     0.081  0.413     0.102  0.152    -0.129  0.138    -0.188  0.119    -0.246  0.088
  1878     2     0.183  0.268     0.100  0.154    -0.127  0.137    -0.188  0.119    -0.246  0.087
  1878     3     0.264  0.374     0.096  0.167    -0.129  0.137    -0.188  0.116    -0.247  0.088
  1878     4     0.315  0.342     0.090  0.165    -0.132  0.136    -0.188  0.114    -0.248  0.087
  1878     5     0.006  0.181     0.073  0.162    -0.129  0.134    -0.187  0.113    -0.249  0.087
  1878     6    -0.072  0.197     0.059  0.155    -0.122  0.131    -0.186  0.113    -0.250  0.087
  1878     7     0.122  0.240     0.056  0.140    -0.121  0.125    -0.188  0.114    -0.251  0.087
  1878     8    -0.006  0.250     0.031  0.152    -0.115  0.121    -0.190  0.113    -0.252  0.087
  1878     9    -0.002  0.257     0.005  0.146    -0.116  0.119    -0.189  0.113    -0.252  0.086
  1878    10    -0.062  0.186    -0.030  0.149    -0.111  0.115    -0.188  0.113    -0.253  0.085
  1878    11    -0.077  0.294    -0.046  0.161    -0.104  0.115    -0.189  0.112    -0.253  0.085
  1878    12    -0.042  0.229    -0.070  0.171    -0.104  0.113    -0.191  0.113    -0.254  0.086
  1879     1     0.040  0.296    -0.109  0.163    -0.106  0.112    -0.193  0.110    -0.253  0.085
  1879     2    -0.113  0.405    -0.135  0.153    -0.103  0.108    -0.190  0.109    -0.253  0.085
  1879     3    -0.046  0.232    -0.165  0.145    -0.101  0.103    -0.188  0.106    -0.251  0.083
  1879     4    -0.112  0.280    -0.169  0.152    -0.102  0.102    -0.188  0.106    -0.251  0.083
  1879     5    -0.188  0.273    -0.180  0.144    -0.103  0.100    -0.189  0.105    -0.251  0.082
  1879     6    -0.348  0.139    -0.207  0.136    -0.102  0.100    -0.188  0.104    -0.251  0.082
  1879     7    -0.356  0.128    -0.244  0.133    -0.102  0.100    -0.191  0.103    -0.251  0.082
  1879     8    -0.310  0.140    -0.267  0.120    -0.107  0.101    -0.193  0.101    -0.251  0.082
  1879     9    -0.361  0.205    -0.279  0.114    -0.108  0.099    -0.197  0.100    -0.251  0.083
  1879    10    -0.118  0.283    -0.285  0.108    -0.110  0.097    -0.196  0.099    -0.251  0.083
  1879    11    -0.209  0.344    -0.279  0.104    -0.113  0.093    -0.196  0.099    -0.253  0.083
  1879    12    -0.360  0.205    -0.278  0.102    -0.118  0.091    -0.196  0.097    -0.252  0.083
  1880     1    -0.404  0.270    -0.271  0.107    -0.124  0.091    -0.198  0.095    -0.252  0.082
  1880     2    -0.387  0.282    -0.259  0.115    -0.129  0.091    -0.200  0.094    -0.252  0.082
  1880     3    -0.191  0.313    -0.252  0.108    -0.133  0.090    -0.200  0.093    -0.253  0.082
  1880     4    -0.190  0.238    -0.263  0.109    -0.137  0.085    -0.200  0.092    -0.254  0.081
  1880     5    -0.115  0.287    -0.252  0.124    -0.144  0.084    -0.202  0.091    -0.255  0.081
  1880     6    -0.334  0.198    -0.218  0.131    -0.152  0.083    -0.204  0.089    -0.256  0.081
  1880     7    -0.279  0.224    -0.200  0.127    -0.159  0.079    -0.207  0.087    -0.257  0.082
  1880     8    -0.165  0.177    -0.164  0.122    -0.166  0.081    -0.209  0.088    -0.259  0.082
  1880     9    -0.270  0.254    -0.164  0.129    -0.173  0.079    -0.210  0.088    -0.259  0.082
  1880    10    -0.255  0.288    -0.148  0.123    -0.182  0.079    -0.212  0.088    -0.259  0.081
  1880    11    -0.071  0.235    -0.142  0.128    -0.186  0.078    -0.212  0.086    -0.259  0.081
  1880    12     0.039  0.366    -0.141  0.128    -0.188  0.081    -0.211  0.085    -0.258  0.080
  1881     1    -0.180  0.342    -0.132  0.109    -0.196  0.081    -0.212  0.083    -0.259  0.080
  1881     2     0.040  0.255    -0.132  0.101    -0.201  0.083    -0.213  0.082    -0.259  0.080
  1881     3    -0.185  0.243    -0.132  0.103    -0.206  0.081    -0.215  0.080    -0.259  0.080
  1881     4    -0.008  0.248    -0.128  0.089    -0.212  0.083    -0.215  0.080    -0.259  0.080
  1881     5    -0.035  0.269    -0.151  0.088    -0.216  0.083    -0.214  0.080    -0.260  0.079
  1881     6    -0.321  0.187    -0.170  0.080    -0.221  0.081    -0.216  0.080    -0.260  0.079
  1881     7    -0.179  0.166    -0.157  0.077    -0.228  0.083    -0.218  0.079    -0.262  0.078
  1881     8    -0.159  0.154    -0.177  0.070    -0.228  0.078    -0.218  0.079    -0.262  0.078
  1881     9    -0.271  0.208    -0.169  0.066    -0.232  0.077    -0.219  0.077    -0.262  0.078
  1881    10    -0.210  0.211    -0.182  0.079    -0.237  0.074    -0.221  0.076    -0.261  0.078
  1881    11    -0.343  0.185    -0.198  0.069    -0.242  0.072    -0.222  0.076    -0.261  0.078
  1881    12    -0.193  0.185    -0.200  0.073    -0.243  0.071    -0.224  0.074    -0.261  0.078
  1882     1    -0.015  0.244    -0.208  0.079    -0.246  0.071    -0.229  0.074    -0.262  0.078
  1882     2    -0.208  0.224    -0.218  0.077    -0.250  0.071    -0.235  0.074    -0.262  0.078
  1882     3    -0.087  0.241    -0.215  0.078    -0.254  0.071    -0.239  0.072    -0.262  0.077
  1882     4    -0.163  0.310    -0.216  0.086    -0.258  0.071    -0.241  0.070    -0.262  0.076
  1882     5    -0.226  0.225    -0.209  0.082    -0.262  0.074    -0.245  0.069    -0.263  0.076
  1882     6    -0.350  0.265    -0.224  0.089    -0.261  0.074    -0.249  0.068    -0.264  0.076
  1882     7    -0.272  0.194    -0.251  0.101    -0.262  0.073    -0.253  0.068    -0.266  0.076
  1882     8    -0.272  0.101    -0.254  0.093    -0.263  0.072    -0.257  0.068    -0.268  0.076
  1882     9    -0.241  0.183    -0.257  0.101    -0.267  0.073    -0.262  0.068    -0.270  0.076
  1882    10    -0.217  0.250    -0.262  0.104    -0.270  0.073    -0.265  0.066    -0.270  0.076
  1882    11    -0.264  0.328    -0.265  0.106    -0.276  0.073    -0.269  0.065    -0.271  0.077
  1882    12    -0.367  0.239    -0.253  0.112    -0.280  0.072    -0.273  0.063    -0.272  0.077
  1883     1    -0.343  0.320    -0.257  0.124    -0.285  0.067    -0.277  0.062    -0.274  0.076
  1883     2    -0.251  0.165    -0.264  0.139    -0.290  0.068    -0.283  0.063    -0.275  0.076
  1883     3    -0.118  0.256    -0.268  0.143    -0.292  0.068    -0.288  0.063    -0.276  0.076
  1883     4    -0.225  0.268    -0.282  0.151    -0.291  0.068    -0.294  0.063    -0.277  0.075
  1883     5    -0.257  0.136    -0.287  0.155    -0.295  0.067    -0.297  0.063    -0.277  0.075
  1883     6    -0.206  0.260    -0.286  0.142    -0.299  0.067    -0.298  0.064    -0.277  0.075
  1883     7    -0.323  0.281    -0.287  0.133    -0.304  0.066    -0.302  0.064    -0.277  0.075
  1883     8    -0.358  0.297    -0.276  0.115    -0.311  0.067    -0.304  0.065    -0.278  0.075
  1883     9    -0.284  0.200    -0.291  0.114    -0.314  0.066    -0.306  0.063    -0.279  0.075
  1883    10    -0.388  0.260    -0.309  0.095    -0.318  0.068    -0.306  0.064    -0.278  0.075
  1883    11    -0.322  0.212    -0.326  0.103    -0.323  0.068    -0.307  0.063    -0.278  0.074
  1883    12    -0.354  0.173    -0.344  0.090    -0.327  0.070    -0.307  0.063    -0.279  0.074
  1884     1    -0.364  0.221    -0.362  0.082    -0.330  0.071    -0.308  0.063    -0.280  0.073
  1884     2    -0.115  0.236    -0.379  0.069    -0.334  0.073    -0.306  0.063    -0.280  0.072
  1884     3    -0.297  0.219    -0.404  0.076    -0.337  0.073    -0.305  0.062    -0.280  0.071
  1884     4    -0.445  0.344    -0.400  0.076    -0.340  0.073    -0.303  0.062    -0.279  0.070
  1884     5    -0.454  0.211    -0.411  0.077    -0.342  0.074    -0.302  0.061    -0.279  0.070
  1884     6    -0.430  0.195    -0.409  0.078    -0.345  0.071    -0.302  0.061    -0.278  0.069
  1884     7    -0.529  0.126    -0.416  0.074    -0.357  0.070    -0.301  0.062    -0.278  0.068
  1884     8    -0.568  0.189    -0.443  0.073    -0.363  0.068    -0.301  0.062    -0.278  0.067
  1884     9    -0.587  0.179    -0.453  0.080    -0.369  0.068    -0.301  0.061    -0.279  0.066
  1884    10    -0.340  0.155    -0.450  0.094    -0.372  0.065    -0.303  0.061    -0.278  0.066
  1884    11    -0.450  0.194    -0.448  0.103    -0.377  0.065    -0.304  0.063    -0.278  0.066
  1884    12    -0.335  0.321    -0.464  0.101    -0.380  0.063    -0.302  0.063    -0.278  0.066
  1885     1    -0.447  0.235    -0.464  0.100    -0.382  0.064    -0.303  0.063    -0.279  0.065
  1885     2    -0.434  0.225    -0.456  0.105    -0.386  0.064    -0.302  0.063    -0.280  0.065
  1885     3    -0.414  0.289    -0.439  0.103    -0.390  0.064    -0.304  0.062    -0.280  0.065
  1885     4    -0.410  0.291    -0.430  0.100    -0.392  0.062    -0.305  0.062    -0.279  0.064
  1885     5    -0.438  0.189    -0.418  0.114    -0.394  0.060    -0.307  0.061    -0.279  0.064
  1885     6    -0.613  0.134    -0.405  0.110    -0.394  0.056    -0.308  0.061    -0.279  0.064
  1885     7    -0.535  0.126    -0.409  0.110    -0.395  0.055    -0.310  0.061    -0.279  0.064
  1885     8    -0.471  0.229    -0.406  0.106    -0.399  0.056    -0.313  0.060    -0.279  0.064
  1885     9    -0.378  0.148    -0.402  0.093    -0.404  0.057    -0.315  0.060    -0.279  0.065
  1885    10    -0.238  0.220    -0.388  0.098    -0.406  0.055    -0.315  0.059    -0.280  0.065
  1885    11    -0.297  0.237    -0.379  0.107    -0.407  0.057    -0.319  0.059    -0.280  0.065
  1885    12    -0.181  0.205    -0.373  0.121    -0.407  0.057    -0.322  0.057    -0.279  0.065
  1886     1    -0.496  0.276    -0.357  0.129    -0.408  0.058    -0.324  0.056    -0.279  0.065
  1886     2    -0.398  0.246    -0.353  0.123    -0.407  0.059    -0.328  0.057    -0.278  0.064
  1886     3    -0.373  0.286    -0.357  0.115    -0.406  0.059    -0.329  0.056    -0.279  0.065
  1886     4    -0.237  0.344    -0.371  0.101    -0.401  0.060    -0.331  0.056    -0.279  0.065
  1886     5    -0.333  0.233    -0.386  0.101    -0.398  0.059    -0.332  0.054    -0.277  0.064
  1886     6    -0.538  0.156    -0.404  0.091    -0.392  0.062    -0.331  0.055    -0.276  0.065
  1886     7    -0.351  0.156    -0.420  0.095    -0.388  0.061    -0.334  0.056    -0.277  0.064
  1886     8    -0.416  0.271    -0.438  0.087    -0.385  0.062    -0.336  0.056    -0.275  0.064
  1886     9    -0.429  0.200    -0.443  0.075    -0.377  0.063    -0.335  0.056    -0.275  0.064
  1886    10    -0.407  0.165    -0.452  0.071    -0.369  0.063    -0.336  0.056    -0.274  0.064
  1886    11    -0.475  0.305    -0.467  0.061    -0.363  0.065    -0.336  0.056    -0.274  0.064
  1886    12    -0.392  0.313    -0.468  0.063    -0.360  0.065    -0.336  0.056    -0.273  0.064
  1887     1    -0.689  0.227    -0.468  0.062    -0.355  0.066    -0.338  0.055    -0.273  0.065
  1887     2    -0.621  0.256    -0.478  0.070    -0.352  0.065    -0.338  0.056    -0.274  0.065
  1887     3    -0.431  0.280    -0.482  0.069    -0.348  0.064    -0.340  0.056    -0.275  0.064
  1887     4    -0.340  0.275    -0.477  0.065    -0.348  0.063    -0.342  0.055    -0.274  0.064
  1887     5    -0.521  0.152    -0.470  0.061    -0.346  0.067    -0.344  0.055    -0.274  0.063
  1887     6    -0.540  0.135    -0.465  0.068    -0.343  0.065    -0.345  0.054    -0.274  0.064
  1887     7    -0.352  0.156    -0.444  0.075    -0.343  0.065    -0.347  0.054    -0.275  0.064
  1887     8    -0.535  0.148    -0.433  0.077    -0.341  0.064    -0.349  0.055    -0.276  0.064
  1887     9    -0.480  0.150    -0.430  0.083    -0.341  0.062    -0.351  0.056    -0.276  0.065
  1887    10    -0.354  0.200    -0.433  0.093    -0.340  0.061    -0.352  0.056    -0.277  0.064
  1887    11    -0.385  0.227    -0.415  0.103    -0.338  0.060    -0.355  0.058    -0.278  0.065
  1887    12    -0.330  0.396    -0.385  0.113    -0.336  0.062    -0.357  0.059    -0.279  0.066
  1888     1    -0.442  0.259    -0.388  0.121    -0.336  0.063    -0.360  0.059    -0.280  0.066
  1888     2    -0.487  0.339    -0.370  0.125    -0.336  0.060    -0.362  0.060    -0.282  0.067
  1888     3    -0.393  0.271    -0.350  0.134    -0.338  0.060    -0.364  0.063    -0.285  0.067
  1888     4    -0.374  0.269    -0.326  0.144    -0.339  0.058    -0.365  0.064    -0.288  0.068
  1888     5    -0.309  0.240    -0.303  0.139    -0.342  0.057    -0.366  0.064    -0.289  0.068
  1888     6    -0.183  0.169    -0.279  0.133    -0.345  0.055    -0.368  0.064    -0.290  0.068
  1888     7    -0.384  0.209    -0.250  0.120    -0.343  0.053    -0.367  0.064    -0.291  0.069
  1888     8    -0.323  0.188    -0.204  0.114    -0.345  0.053    -0.367  0.064    -0.293  0.070
  1888     9    -0.233  0.248    -0.158  0.109    -0.343  0.053    -0.368  0.065    -0.294  0.070
  1888    10    -0.072  0.269    -0.124  0.107    -0.343  0.053    -0.367  0.065    -0.295  0.071
  1888    11    -0.112  0.101    -0.105  0.103    -0.341  0.051    -0.367  0.066    -0.296  0.071
  1888    12    -0.038  0.228    -0.111  0.102    -0.336  0.050    -0.367  0.068    -0.297  0.071
  1889     1    -0.090  0.282    -0.100  0.102    -0.338  0.052    -0.368  0.069    -0.298  0.072
  1889     2     0.068  0.215    -0.101  0.095    -0.337  0.053    -0.370  0.068    -0.299  0.073
  1889     3     0.157  0.131    -0.115  0.102    -0.334  0.052    -0.371  0.068    -0.300  0.073
  1889     4     0.029  0.246    -0.133  0.099    -0.331  0.052    -0.369  0.067    -0.301  0.073
  1889     5    -0.077  0.141    -0.152  0.106    -0.330  0.054    -0.368  0.067    -0.301  0.073
  1889     6    -0.258  0.227    -0.163  0.104    -0.327  0.053    -0.368  0.067    -0.301  0.073
  1889     7    -0.246  0.178    -0.192  0.105    -0.319  0.055    -0.366  0.067    -0.300  0.073
  1889     8    -0.339  0.157    -0.224  0.096    -0.313  0.059    -0.363  0.066    -0.300  0.073
  1889     9    -0.396  0.223    -0.273  0.088    -0.311  0.060    -0.361  0.065    -0.299  0.073
  1889    10    -0.289  0.203    -0.301  0.085    -0.312  0.063    -0.361  0.064    -0.298  0.073
  1889    11    -0.344  0.261    -0.325  0.076    -0.310  0.064    -0.360  0.065    -0.297  0.074
  1889    12    -0.171  0.181    -0.341  0.075    -0.309  0.066    -0.361  0.064    -0.296  0.075
  1890     1    -0.436  0.196    -0.365  0.076    -0.313  0.066    -0.361  0.065    -0.296  0.076
  1890     2    -0.322  0.246    -0.378  0.076    -0.313  0.066    -0.361  0.066    -0.293  0.077
  1890     3    -0.425  0.211    -0.386  0.092    -0.312  0.068    -0.360  0.067    -0.293  0.077
  1890     4    -0.309  0.123    -0.385  0.100    -0.313  0.070    -0.359  0.066    -0.293  0.077
  1890     5    -0.364  0.133    -0.401  0.100    -0.317  0.074    -0.357  0.065    -0.293  0.077
  1890     6    -0.451  0.228    -0.414  0.098    -0.320  0.077    -0.354  0.067    -0.292  0.077
  1890     7    -0.534  0.224    -0.411  0.097    -0.325  0.079    -0.351  0.068    -0.291  0.076
  1890     8    -0.491  0.180    -0.426  0.082    -0.326  0.079    -0.349  0.067    -0.291  0.076
  1890     9    -0.493  0.197    -0.412  0.065    -0.325  0.084    -0.348  0.068    -0.290  0.077
  1890    10    -0.280  0.207    -0.406  0.065    -0.325  0.086    -0.348  0.068    -0.289  0.076
  1890    11    -0.530  0.225    -0.393  0.066    -0.326  0.083    -0.347  0.070    -0.289  0.077
  1890    12    -0.338  0.197    -0.375  0.075    -0.329  0.082    -0.348  0.071    -0.290  0.077
  1891     1    -0.401  0.194    -0.371  0.078    -0.326  0.083    -0.345  0.071    -0.290  0.077
  1891     2    -0.499  0.259    -0.359  0.075    -0.327  0.082    -0.344  0.072    -0.290  0.077
  1891     3    -0.249  0.274    -0.339  0.074    -0.330  0.084    -0.342  0.073    -0.290  0.077
  1891     4    -0.237  0.239    -0.336  0.078    -0.333  0.084    -0.342  0.074    -0.290  0.077
  1891     5    -0.211  0.179    -0.322  0.085    -0.337  0.087    -0.341  0.074    -0.290  0.076
  1891     6    -0.245  0.209    -0.311  0.087    -0.341  0.089    -0.337  0.075    -0.290  0.076
  1891     7    -0.475  0.101    -0.297  0.090    -0.348  0.090    -0.335  0.076    -0.290  0.076
  1891     8    -0.349  0.147    -0.276  0.104    -0.356  0.089    -0.332  0.078    -0.290  0.077
  1891     9    -0.257  0.157    -0.285  0.103    -0.364  0.090    -0.330  0.078    -0.290  0.077
  1891    10    -0.244  0.233    -0.298  0.105    -0.369  0.088    -0.327  0.078    -0.290  0.077
  1891    11    -0.363  0.263    -0.312  0.110    -0.373  0.088    -0.325  0.077    -0.290  0.077
  1891    12    -0.209  0.260    -0.334  0.107    -0.376  0.088    -0.321  0.079    -0.290  0.077
  1892     1    -0.223  0.216    -0.343  0.114    -0.377  0.088    -0.316  0.080    -0.291  0.077
  1892     2    -0.247  0.337    -0.355  0.121    -0.375  0.088    -0.313  0.080    -0.290  0.078
  1892     3    -0.359  0.214    -0.370  0.133    -0.374  0.089    -0.310  0.081    -0.291  0.079
  1892     4    -0.399  0.176    -0.383  0.137    -0.375  0.089    -0.307  0.082    -0.292  0.078
  1892     5    -0.376  0.276    -0.405  0.140    -0.374  0.088    -0.303  0.083    -0.292  0.078
  1892     6    -0.511  0.173    -0.431  0.156    -0.378  0.087    -0.300  0.084    -0.292  0.077
  1892     7    -0.577  0.217    -0.474  0.169    -0.378  0.089    -0.298  0.084    -0.292  0.077
  1892     8    -0.499  0.192    -0.499  0.169    -0.380  0.091    -0.294  0.084    -0.292  0.077
  1892     9    -0.431  0.246    -0.496  0.184    -0.378  0.094    -0.291  0.085    -0.293  0.077
  1892    10    -0.406  0.330    -0.494  0.205    -0.378  0.094    -0.289  0.087    -0.294  0.077
  1892    11    -0.623  0.300    -0.494  0.196    -0.376  0.095    -0.287  0.089    -0.294  0.078
  1892    12    -0.517  0.322    -0.481  0.197    -0.373  0.098    -0.286  0.092    -0.295  0.078
  1893     1    -0.741  0.391    -0.453  0.197    -0.367  0.099    -0.283  0.094    -0.294  0.078
  1893     2    -0.550  0.292    -0.444  0.190    -0.362  0.098    -0.282  0.093    -0.294  0.079
  1893     3    -0.323  0.378    -0.439  0.189    -0.359  0.098    -0.282  0.094    -0.294  0.079
  1893     4    -0.375  0.352    -0.427  0.171    -0.358  0.099    -0.281  0.094    -0.296  0.080
  1893     5    -0.372  0.219    -0.403  0.171    -0.352  0.100    -0.281  0.094    -0.296  0.080
  1893     6    -0.362  0.212    -0.386  0.170    -0.351  0.103    -0.282  0.094    -0.297  0.080
  1893     7    -0.240  0.257    -0.366  0.167    -0.347  0.105    -0.281  0.095    -0.297  0.079
  1893     8    -0.387  0.248    -0.354  0.150    -0.342  0.107    -0.281  0.096    -0.298  0.079
  1893     9    -0.377  0.211    -0.356  0.137    -0.341  0.111    -0.281  0.098    -0.299  0.079
  1893    10    -0.262  0.201    -0.345  0.117    -0.342  0.113    -0.283  0.099    -0.300  0.079
  1893    11    -0.331  0.277    -0.341  0.120    -0.341  0.115    -0.285  0.100    -0.301  0.079
  1893    12    -0.318  0.323    -0.350  0.114    -0.338  0.116    -0.288  0.100    -0.302  0.079
  1894     1    -0.497  0.235    -0.352  0.114    -0.332  0.118    -0.289  0.101    -0.303  0.079
  1894     2    -0.411  0.266    -0.337  0.107    -0.327  0.119    -0.292  0.103    -0.305  0.080
  1894     3    -0.342  0.221    -0.335  0.095    -0.326  0.121    -0.296  0.104    -0.306  0.080
  1894     4    -0.244  0.231    -0.341  0.088    -0.323  0.120    -0.299  0.104    -0.306  0.079
  1894     5    -0.329  0.202    -0.339  0.081    -0.320  0.118    -0.300  0.103    -0.306  0.079
  1894     6    -0.458  0.162    -0.349  0.069    -0.316  0.121    -0.300  0.103    -0.306  0.079
  1894     7    -0.269  0.181    -0.343  0.066    -0.314  0.122    -0.300  0.103    -0.306  0.078
  1894     8    -0.206  0.156    -0.346  0.068    -0.313  0.121    -0.298  0.104    -0.305  0.078
  1894     9    -0.356  0.157    -0.344  0.074    -0.309  0.121    -0.296  0.105    -0.305  0.078
  1894    10    -0.336  0.126    -0.345  0.079    -0.302  0.121    -0.294  0.105    -0.306  0.078
  1894    11    -0.301  0.197    -0.337  0.085    -0.297  0.121    -0.291  0.106    -0.305  0.078
  1894    12    -0.435  0.204    -0.323  0.089    -0.291  0.121    -0.290  0.107    -0.305  0.078
  1895     1    -0.427  0.261    -0.315  0.094    -0.282  0.123    -0.289  0.108    -0.305  0.079
  1895     2    -0.449  0.335    -0.318  0.103    -0.275  0.121    -0.285  0.109    -0.306  0.079
  1895     3    -0.318  0.309    -0.312  0.120    -0.271  0.122    -0.282  0.110    -0.306  0.079
  1895     4    -0.257  0.204    -0.303  0.129    -0.265  0.120    -0.280  0.110    -0.306  0.079
  1895     5    -0.238  0.277    -0.292  0.139    -0.258  0.120    -0.278  0.110    -0.306  0.078
  1895     6    -0.288  0.184    -0.277  0.154    -0.252  0.119    -0.275  0.111    -0.304  0.078
  1895     7    -0.166  0.174    -0.254  0.150    -0.241  0.120    -0.272  0.111    -0.303  0.078
  1895     8    -0.241  0.204    -0.235  0.144    -0.237  0.119    -0.269  0.110    -0.302  0.078
  1895     9    -0.288  0.252    -0.225  0.148    -0.239  0.116    -0.266  0.110    -0.302  0.078
  1895    10    -0.224  0.199    -0.225  0.151    -0.238  0.115    -0.264  0.111    -0.302  0.078
  1895    11    -0.179  0.298    -0.220  0.152    -0.237  0.116    -0.260  0.111    -0.302  0.078
  1895    12    -0.248  0.330    -0.202  0.159    -0.235  0.116    -0.258  0.112    -0.302  0.078
  1896     1    -0.152  0.224    -0.199  0.160    -0.236  0.117    -0.256  0.114    -0.301  0.078
  1896     2    -0.217  0.183    -0.183  0.162    -0.235  0.119    -0.253  0.115    -0.300  0.078
  1896     3    -0.205  0.283    -0.176  0.158    -0.233  0.120    -0.252  0.116    -0.299  0.078
  1896     4    -0.256  0.223    -0.163  0.152    -0.234  0.121    -0.250  0.117    -0.299  0.078
  1896     5    -0.170  0.219    -0.161  0.137    -0.234  0.119    -0.249  0.117    -0.299  0.077
  1896     6    -0.075  0.245    -0.138  0.141    -0.234  0.116    -0.248  0.116    -0.297  0.077
  1896     7    -0.126  0.218    -0.132  0.136    -0.230  0.116    -0.245  0.116    -0.296  0.077
  1896     8    -0.054  0.145    -0.131  0.130    -0.228  0.119    -0.244  0.115    -0.296  0.078
  1896     9    -0.201  0.219    -0.125  0.121    -0.228  0.120    -0.244  0.116    -0.295  0.078
  1896    10    -0.068  0.145    -0.103  0.117    -0.228  0.122    -0.244  0.115    -0.294  0.078
  1896    11    -0.162  0.171    -0.091  0.121    -0.226  0.121    -0.244  0.114    -0.294  0.078
  1896    12     0.036  0.321    -0.097  0.110    -0.224  0.120    -0.243  0.114    -0.293  0.078
  1897     1    -0.084  0.209    -0.092  0.114    -0.224  0.120    -0.244  0.116    -0.292  0.078
  1897     2    -0.210  0.183    -0.093  0.108    -0.222  0.122    -0.242  0.116    -0.291  0.079
  1897     3    -0.134  0.226    -0.091  0.107    -0.218  0.122    -0.242  0.116    -0.291  0.079
  1897     4     0.019  0.150    -0.093  0.113    -0.213  0.124    -0.241  0.116    -0.291  0.079
  1897     5    -0.038  0.228    -0.095  0.133    -0.208  0.125    -0.241  0.115    -0.291  0.079
  1897     6    -0.140  0.206    -0.111  0.139    -0.203  0.129    -0.239  0.114    -0.291  0.079
  1897     7    -0.064  0.218    -0.111  0.151    -0.199  0.130    -0.237  0.114    -0.291  0.078
  1897     8    -0.067  0.188    -0.121  0.155    -0.189  0.130    -0.236  0.113    -0.290  0.078
  1897     9    -0.177  0.211    -0.143  0.163    -0.185  0.130    -0.235  0.112    -0.290  0.078
  1897    10    -0.091  0.191    -0.171  0.171    -0.183  0.130    -0.235  0.111    -0.290  0.078
  1897    11    -0.190  0.309    -0.195  0.165    -0.181  0.126    -0.233  0.111    -0.290  0.079
  1897    12    -0.152  0.373    -0.205  0.165    -0.178  0.126    -0.232  0.109    -0.290  0.080
  1898     1    -0.086  0.303    -0.222  0.162    -0.178  0.125    -0.228  0.108    -0.291  0.080
  1898     2    -0.332  0.192    -0.243  0.174    -0.176  0.124    -0.225  0.107    -0.290  0.080
  1898     3    -0.403  0.272    -0.249  0.176    -0.173  0.125    -0.225  0.106    -0.291  0.080
  1898     4    -0.309  0.285    -0.271  0.176    -0.169  0.126    -0.226  0.105    -0.292  0.079
  1898     5    -0.333  0.222    -0.280  0.174    -0.168  0.126    -0.226  0.105    -0.292  0.079
  1898     6    -0.253  0.248    -0.297  0.157    -0.164  0.125    -0.226  0.105    -0.293  0.078
  1898     7    -0.266  0.156    -0.312  0.160    -0.165  0.126    -0.228  0.105    -0.293  0.079
  1898     8    -0.328  0.288    -0.309  0.165    -0.164  0.126    -0.230  0.105    -0.294  0.079
  1898     9    -0.247  0.216    -0.301  0.160    -0.162  0.125    -0.231  0.104    -0.294  0.079
  1898    10    -0.354  0.189    -0.298  0.154    -0.159  0.124    -0.233  0.104    -0.296  0.079
  1898    11    -0.301  0.206    -0.286  0.141    -0.156  0.123    -0.235  0.102    -0.298  0.079
  1898    12    -0.356  0.162    -0.295  0.126    -0.158  0.120    -0.236  0.101    -0.300  0.079
  1899     1    -0.265  0.338    -0.292  0.122    -0.158  0.119    -0.238  0.100    -0.302  0.079
  1899     2    -0.294  0.251    -0.275  0.109    -0.160  0.118    -0.240  0.100    -0.304  0.079
  1899     3    -0.307  0.177    -0.264  0.097    -0.161  0.118    -0.241  0.099    -0.307  0.079
  1899     4    -0.276  0.261    -0.238  0.095    -0.165  0.117    -0.243  0.100    -0.310  0.079
  1899     5    -0.189  0.202    -0.209  0.096    -0.167  0.117    -0.244  0.100    -0.312  0.079
  1899     6    -0.351  0.162    -0.191  0.114    -0.171  0.115    -0.244  0.100    -0.313  0.079
  1899     7    -0.231  0.154    -0.186  0.127    -0.173  0.119    -0.246  0.099    -0.314  0.079
  1899     8    -0.135  0.143    -0.151  0.129    -0.171  0.120    -0.248  0.098    -0.313  0.079
  1899     9    -0.108  0.123    -0.130  0.133    -0.175  0.120    -0.249  0.099    -0.313  0.079
  1899    10    -0.046  0.109    -0.117  0.134    -0.180  0.121    -0.250  0.100    -0.314  0.080
  1899    11     0.046  0.339    -0.115  0.125    -0.184  0.120    -0.250  0.100    -0.314  0.079
  1899    12    -0.135  0.417    -0.091  0.136    -0.187  0.117    -0.250  0.101    -0.315  0.079
  1900     1    -0.202  0.386    -0.085  0.135    -0.191  0.115    -0.250  0.100    -0.315  0.079
  1900     2     0.122  0.290    -0.086  0.131    -0.196  0.117    -0.251  0.100    -0.315  0.079
  1900     3    -0.057  0.200    -0.087  0.142    -0.199  0.116    -0.252  0.099    -0.316  0.079
  1900     4    -0.121  0.185    -0.080  0.148    -0.205  0.116    -0.254  0.099    -0.316  0.079
  1900     5    -0.157  0.114    -0.093  0.143    -0.209  0.116    -0.255  0.098    -0.317  0.079
  1900     6    -0.065  0.166    -0.085  0.130    -0.213  0.114    -0.254  0.097    -0.317  0.079
  1900     7    -0.157  0.108    -0.085  0.124    -0.215  0.112    -0.255  0.096    -0.316  0.078
  1900     8    -0.147  0.132    -0.105  0.119    -0.213  0.114    -0.255  0.096    -0.316  0.078
  1900     9    -0.124  0.248    -0.110  0.123    -0.210  0.112    -0.256  0.096    -0.315  0.078
  1900    10     0.038  0.220    -0.105  0.129    -0.214  0.113    -0.256  0.095    -0.316  0.077
  1900    11    -0.114  0.261    -0.095  0.139    -0.215  0.110    -0.257  0.095    -0.316  0.078
  1900    12    -0.040  0.263    -0.101  0.136    -0.216  0.109    -0.256  0.094    -0.317  0.078
  1901     1    -0.203  0.347    -0.101  0.138    -0.220  0.108    -0.257  0.092    -0.317  0.078
  1901     2    -0.116  0.171    -0.103  0.141    -0.225  0.106    -0.257  0.092    -0.318  0.079
  1901     3    -0.116  0.364    -0.114  0.143    -0.229  0.102    -0.257  0.091    -0.319  0.079
  1901     4    -0.060  0.266    -0.142  0.149    -0.231  0.101    -0.255  0.091    -0.321  0.079
  1901     5    -0.032  0.194    -0.157  0.136    -0.236  0.100    -0.256  0.091    -0.322  0.079
  1901     6    -0.137  0.178    -0.170  0.132    -0.238  0.100    -0.257  0.089    -0.323  0.079
  1901     7    -0.158  0.217    -0.173  0.131    -0.245  0.098    -0.257  0.089    -0.323  0.079
  1901     8    -0.175  0.140    -0.170  0.137    -0.251  0.098    -0.259  0.088    -0.324  0.079
  1901     9    -0.258  0.193    -0.189  0.133    -0.254  0.099    -0.260  0.088    -0.324  0.078
  1901    10    -0.290  0.217    -0.209  0.130    -0.257  0.100    -0.261  0.089    -0.325  0.078
  1901    11    -0.296  0.196    -0.231  0.121    -0.263  0.100    -0.262  0.089    -0.324  0.077
  1901    12    -0.197  0.265    -0.245  0.114    -0.264  0.101    -0.265  0.089    -0.324  0.078
  1902     1    -0.237  0.338    -0.258  0.110    -0.268  0.100    -0.267  0.089    -0.324  0.078
  1902     2    -0.088  0.228    -0.273  0.115    -0.273  0.098    -0.270  0.090    -0.323  0.078
  1902     3    -0.340  0.253    -0.279  0.111    -0.281  0.099    -0.271  0.089    -0.323  0.077
  1902     4    -0.298  0.235    -0.293  0.104    -0.287  0.098    -0.275  0.089    -0.323  0.077
  1902     5    -0.299  0.205    -0.303  0.108    -0.293  0.096    -0.279  0.090    -0.322  0.077
  1902     6    -0.307  0.218    -0.321  0.106    -0.296  0.090    -0.281  0.089    -0.321  0.076
  1902     7    -0.306  0.242    -0.318  0.094    -0.300  0.087    -0.284  0.088    -0.320  0.076
  1902     8    -0.366  0.212    -0.330  0.091    -0.313  0.087    -0.287  0.088    -0.320  0.076
  1902     9    -0.319  0.250    -0.321  0.096    -0.319  0.086    -0.289  0.088    -0.321  0.076
  1902    10    -0.462  0.098    -0.339  0.097    -0.325  0.085    -0.290  0.087    -0.321  0.075
  1902    11    -0.422  0.249    -0.347  0.094    -0.328  0.086    -0.293  0.086    -0.320  0.074
  1902    12    -0.408  0.168    -0.351  0.097    -0.331  0.085    -0.295  0.085    -0.320  0.074
  1903     1    -0.206  0.175    -0.363  0.092    -0.332  0.085    -0.298  0.084    -0.318  0.073
  1903     2    -0.232  0.247    -0.386  0.094    -0.334  0.085    -0.299  0.084    -0.318  0.072
  1903     3    -0.227  0.252    -0.400  0.086    -0.338  0.083    -0.300  0.083    -0.319  0.071
  1903     4    -0.513  0.212    -0.405  0.089    -0.343  0.083    -0.302  0.082    -0.319  0.070
  1903     5    -0.391  0.134    -0.415  0.085    -0.346  0.079    -0.303  0.081    -0.319  0.071
  1903     6    -0.364  0.184    -0.425  0.096    -0.348  0.078    -0.305  0.080    -0.319  0.071
  1903     7    -0.448  0.128    -0.463  0.092    -0.348  0.075    -0.305  0.079    -0.320  0.071
  1903     8    -0.638  0.204    -0.498  0.088    -0.351  0.077    -0.306  0.078    -0.320  0.071
  1903     9    -0.486  0.202    -0.519  0.097    -0.351  0.074    -0.308  0.076    -0.320  0.071
  1903    10    -0.523  0.218    -0.517  0.100    -0.351  0.073    -0.308  0.076    -0.320  0.071
  1903    11    -0.543  0.201    -0.526  0.110    -0.356  0.072    -0.310  0.075    -0.320  0.070
  1903    12    -0.530  0.196    -0.533  0.111    -0.356  0.071    -0.312  0.075    -0.318  0.069
  1904     1    -0.660  0.129    -0.535  0.108    -0.356  0.069    -0.315  0.073    -0.316  0.069
  1904     2    -0.651  0.219    -0.519  0.110    -0.358  0.070    -0.317  0.073    -0.316  0.069
  1904     3    -0.481  0.206    -0.524  0.102    -0.359  0.070    -0.319  0.073    -0.316  0.068
  1904     4    -0.485  0.199    -0.517  0.089    -0.357  0.071    -0.321  0.072    -0.316  0.069
  1904     5    -0.500  0.238    -0.495  0.076    -0.358  0.071    -0.324  0.072    -0.316  0.069
  1904     6    -0.449  0.191    -0.481  0.066    -0.358  0.073    -0.325  0.073    -0.315  0.068
  1904     7    -0.471  0.095    -0.461  0.071    -0.362  0.069    -0.327  0.073    -0.315  0.069
  1904     8    -0.450  0.240    -0.460  0.077    -0.369  0.069    -0.328  0.073    -0.314  0.069
  1904     9    -0.541  0.183    -0.457  0.075    -0.368  0.067    -0.331  0.073    -0.314  0.070
  1904    10    -0.441  0.155    -0.458  0.077    -0.369  0.066    -0.334  0.073    -0.312  0.070
  1904    11    -0.283  0.191    -0.442  0.081    -0.373  0.067    -0.337  0.071    -0.312  0.070
  1904    12    -0.360  0.236    -0.425  0.078    -0.376  0.067    -0.339  0.068    -0.310  0.071
  1905     1    -0.426  0.332    -0.403  0.083    -0.377  0.067    -0.341  0.066    -0.309  0.071
  1905     2    -0.636  0.222    -0.391  0.088    -0.378  0.066    -0.346  0.065    -0.308  0.070
  1905     3    -0.448  0.177    -0.375  0.086    -0.380  0.065    -0.349  0.065    -0.307  0.069
  1905     4    -0.489  0.130    -0.360  0.084    -0.376  0.063    -0.353  0.065    -0.306  0.069
  1905     5    -0.308  0.157    -0.359  0.079    -0.377  0.062    -0.355  0.066    -0.305  0.068
  1905     6    -0.250  0.229    -0.342  0.078    -0.377  0.063    -0.358  0.065    -0.305  0.068
  1905     7    -0.205  0.215    -0.327  0.072    -0.382  0.061    -0.360  0.065    -0.304  0.068
  1905     8    -0.304  0.200    -0.296  0.075    -0.384  0.060    -0.362  0.065    -0.304  0.068
  1905     9    -0.349  0.221    -0.270  0.074    -0.390  0.058    -0.364  0.063    -0.304  0.068
  1905    10    -0.265  0.121    -0.232  0.079    -0.391  0.056    -0.368  0.063    -0.303  0.067
  1905    11    -0.267  0.128    -0.234  0.083    -0.392  0.057    -0.372  0.062    -0.303  0.066
  1905    12    -0.154  0.196    -0.225  0.074    -0.393  0.055    -0.376  0.062    -0.303  0.066
  1906     1    -0.243  0.185    -0.223  0.077    -0.391  0.054    -0.379  0.060    -0.303  0.065
  1906     2    -0.270  0.235    -0.219  0.070    -0.388  0.054    -0.383  0.061    -0.302  0.065
  1906     3    -0.131  0.220    -0.216  0.060    -0.387  0.054    -0.387  0.060    -0.303  0.065
  1906     4    -0.037  0.209    -0.210  0.063    -0.385  0.054    -0.392  0.059    -0.303  0.065
  1906     5    -0.330  0.192    -0.216  0.074    -0.385  0.051    -0.395  0.058    -0.304  0.065
  1906     6    -0.147  0.163    -0.223  0.092    -0.385  0.051    -0.399  0.058    -0.305  0.065
  1906     7    -0.175  0.253    -0.239  0.094    -0.385  0.050    -0.401  0.057    -0.306  0.065
  1906     8    -0.256  0.175    -0.258  0.097    -0.382  0.049    -0.404  0.056    -0.307  0.064
  1906     9    -0.317  0.213    -0.272  0.090    -0.384  0.048    -0.405  0.055    -0.307  0.064
  1906    10    -0.197  0.226    -0.302  0.087    -0.385  0.047    -0.405  0.055    -0.309  0.064
  1906    11    -0.339  0.237    -0.319  0.095    -0.385  0.046    -0.405  0.055    -0.311  0.064
  1906    12    -0.228  0.345    -0.344  0.094    -0.385  0.047    -0.404  0.056    -0.313  0.064
  1907     1    -0.434  0.180    -0.361  0.098    -0.386  0.049    -0.404  0.055    -0.316  0.063
  1907     2    -0.507  0.271    -0.376  0.101    -0.384  0.050    -0.405  0.054    -0.318  0.063
  1907     3    -0.289  0.188    -0.385  0.095    -0.381  0.049    -0.405  0.053    -0.320  0.063
  1907     4    -0.398  0.122    -0.389  0.078    -0.380  0.049    -0.404  0.052    -0.323  0.064
  1907     5    -0.539  0.178    -0.400  0.071    -0.381  0.048    -0.404  0.051    -0.325  0.064
  1907     6    -0.445  0.098    -0.415  0.061    -0.383  0.048    -0.403  0.051    -0.326  0.064
  1907     7    -0.380  0.134    -0.419  0.056    -0.382  0.048    -0.403  0.052    -0.327  0.064
  1907     8    -0.438  0.172    -0.407  0.060    -0.378  0.046    -0.405  0.053    -0.327  0.065
  1907     9    -0.422  0.193    -0.433  0.055    -0.379  0.047    -0.406  0.052    -0.328  0.065
  1907    10    -0.243  0.159    -0.448  0.052    -0.380  0.047    -0.407  0.051    -0.329  0.065
  1907    11    -0.473  0.164    -0.439  0.047    -0.381  0.048    -0.407  0.050    -0.330  0.065
  1907    12    -0.417  0.147    -0.437  0.045    -0.385  0.047    -0.407  0.050    -0.332  0.064
  1908     1    -0.472  0.166    -0.432  0.045    -0.387  0.047    -0.409  0.051    -0.334  0.064
  1908     2    -0.370  0.175    -0.437  0.053    -0.389  0.049    -0.411  0.050    -0.335  0.064
  1908     3    -0.605  0.161    -0.434  0.048    -0.391  0.048    -0.413  0.050    -0.336  0.063
  1908     4    -0.576  0.220    -0.447  0.053    -0.393  0.048    -0.412  0.049    -0.336  0.062
  1908     5    -0.425  0.184    -0.453  0.049    -0.397  0.049    -0.412  0.050    -0.337  0.062
  1908     6    -0.427  0.156    -0.462  0.045    -0.405  0.049    -0.412  0.050    -0.337  0.062
  1908     7    -0.317  0.082    -0.481  0.045    -0.410  0.050    -0.412  0.051    -0.337  0.062
  1908     8    -0.491  0.233    -0.490  0.050    -0.416  0.049    -0.410  0.050    -0.338  0.062
  1908     9    -0.386  0.152    -0.486  0.047    -0.424  0.049    -0.409  0.050    -0.338  0.061
  1908    10    -0.403  0.205    -0.486  0.047    -0.432  0.050    -0.407  0.050    -0.336  0.061
  1908    11    -0.545  0.153    -0.493  0.050    -0.435  0.050    -0.404  0.048    -0.336  0.061
  1908    12    -0.530  0.112    -0.496  0.051    -0.441  0.050    -0.400  0.048    -0.335  0.061
  1909     1    -0.690  0.149    -0.511  0.057    -0.447  0.050    -0.395  0.048    -0.335  0.061
  1909     2    -0.480  0.160    -0.495  0.060    -0.450  0.049    -0.391  0.048    -0.334  0.061
  1909     3    -0.557  0.170    -0.495  0.065    -0.452  0.046    -0.390  0.048    -0.335  0.061
  1909     4    -0.577  0.147    -0.495  0.062    -0.453  0.044    -0.389  0.048    -0.334  0.061
  1909     5    -0.519  0.206    -0.479  0.060    -0.451  0.045    -0.388  0.048    -0.334  0.061
  1909     6    -0.454  0.193    -0.471  0.054    -0.450  0.044    -0.386  0.049    -0.334  0.061
  1909     7    -0.504  0.196    -0.444  0.060    -0.446  0.044    -0.383  0.050    -0.335  0.061
  1909     8    -0.299  0.250    -0.441  0.067    -0.441  0.044    -0.381  0.051    -0.335  0.061
  1909     9    -0.383  0.106    -0.437  0.078    -0.441  0.045    -0.378  0.051    -0.336  0.060
  1909    10    -0.396  0.151    -0.433  0.093    -0.439  0.044    -0.375  0.051    -0.337  0.060
  1909    11    -0.357  0.120    -0.422  0.093    -0.435  0.043    -0.373  0.051    -0.339  0.059
  1909    12    -0.433  0.167    -0.424  0.090    -0.431  0.042    -0.371  0.053    -0.340  0.058
  1910     1    -0.373  0.242    -0.410  0.084    -0.430  0.042    -0.369  0.052    -0.340  0.057
  1910     2    -0.441  0.181    -0.420  0.085    -0.431  0.044    -0.366  0.052    -0.342  0.057
  1910     3    -0.502  0.238    -0.423  0.088    -0.433  0.044    -0.362  0.051    -0.342  0.057
  1910     4    -0.535  0.203    -0.422  0.089    -0.438  0.044    -0.359  0.050    -0.343  0.056
  1910     5    -0.387  0.165    -0.438  0.095    -0.436  0.044    -0.356  0.050    -0.343  0.057
  1910     6    -0.474  0.202    -0.452  0.093    -0.436  0.045    -0.355  0.050    -0.343  0.056
  1910     7    -0.337  0.094    -0.466  0.086    -0.436  0.047    -0.354  0.050    -0.344  0.056
  1910     8    -0.417  0.120    -0.484  0.081    -0.438  0.047    -0.352  0.051    -0.344  0.057
  1910     9    -0.429  0.188    -0.490  0.075    -0.436  0.048    -0.351  0.051    -0.344  0.057
  1910    10    -0.379  0.104    -0.493  0.070    -0.432  0.049    -0.350  0.051    -0.345  0.057
  1910    11    -0.553  0.207    -0.502  0.070    -0.432  0.050    -0.349  0.050    -0.345  0.056
  1910    12    -0.598  0.234    -0.505  0.065    -0.432  0.053    -0.349  0.050    -0.347  0.055
  1911     1    -0.544  0.201    -0.518  0.063    -0.433  0.054    -0.349  0.050    -0.347  0.055
  1911     2    -0.648  0.179    -0.522  0.056    -0.431  0.053    -0.348  0.050    -0.347  0.054
  1911     3    -0.584  0.142    -0.523  0.055    -0.432  0.053    -0.349  0.050    -0.348  0.053
  1911     4    -0.562  0.173    -0.512  0.065    -0.430  0.054    -0.351  0.051    -0.349  0.052
  1911     5    -0.494  0.143    -0.487  0.072    -0.424  0.055    -0.351  0.052    -0.350  0.052
  1911     6    -0.516  0.212    -0.449  0.066    -0.415  0.055    -0.353  0.052    -0.350  0.053
  1911     7    -0.498  0.142    -0.422  0.073    -0.405  0.056    -0.354  0.053    -0.350  0.052
  1911     8    -0.453  0.180    -0.381  0.075    -0.400  0.058    -0.354  0.054    -0.349  0.052
  1911     9    -0.447  0.351    -0.361  0.080    -0.397  0.058    -0.355  0.053    -0.349  0.052
  1911    10    -0.250  0.239    -0.337  0.079    -0.393  0.059    -0.357  0.053    -0.348  0.052
  1911    11    -0.248  0.220    -0.319  0.082    -0.390  0.060    -0.359  0.053    -0.347  0.051
  1911    12    -0.139  0.216    -0.293  0.072    -0.386  0.060    -0.362  0.053    -0.347  0.051
  1912     1    -0.221  0.180    -0.278  0.072    -0.381  0.061    -0.364  0.052    -0.347  0.051
  1912     2    -0.162  0.163    -0.283  0.078    -0.378  0.060    -0.365  0.051    -0.348  0.050
  1912     3    -0.347  0.165    -0.291  0.076    -0.376  0.062    -0.370  0.052    -0.348  0.050
  1912     4    -0.264  0.145    -0.313  0.078    -0.369  0.063    -0.370  0.053    -0.347  0.050
  1912     5    -0.284  0.138    -0.324  0.084    -0.365  0.065    -0.371  0.053    -0.347  0.050
  1912     6    -0.201  0.234    -0.348  0.088    -0.360  0.067    -0.371  0.053    -0.347  0.051
  1912     7    -0.319  0.169    -0.368  0.092    -0.357  0.067    -0.369  0.054    -0.347  0.051
  1912     8    -0.513  0.125    -0.396  0.098    -0.353  0.066    -0.368  0.056    -0.346  0.050
  1912     9    -0.541  0.093    -0.405  0.102    -0.344  0.064    -0.366  0.057    -0.346  0.050
  1912    10    -0.524  0.179    -0.412  0.105    -0.337  0.062    -0.367  0.058    -0.346  0.049
  1912    11    -0.381  0.203    -0.426  0.106    -0.331  0.062    -0.367  0.058    -0.345  0.048
  1912    12    -0.417  0.250    -0.443  0.112    -0.325  0.062    -0.370  0.059    -0.344  0.049
  1913     1    -0.463  0.193    -0.449  0.100    -0.321  0.062    -0.370  0.059    -0.344  0.049
  1913     2    -0.494  0.121    -0.436  0.084    -0.316  0.061    -0.372  0.059    -0.345  0.048
  1913     3    -0.465  0.185    -0.427  0.073    -0.312  0.061    -0.371  0.059    -0.346  0.048
  1913     4    -0.341  0.216    -0.410  0.073    -0.308  0.059    -0.370  0.058    -0.345  0.048
  1913     5    -0.449  0.182    -0.393  0.070    -0.300  0.057    -0.370  0.060    -0.344  0.048
  1913     6    -0.411  0.204    -0.355  0.067    -0.294  0.058    -0.370  0.061    -0.344  0.048
  1913     7    -0.393  0.194    -0.323  0.063    -0.288  0.058    -0.370  0.062    -0.343  0.048
  1913     8    -0.352  0.144    -0.301  0.073    -0.279  0.059    -0.369  0.063    -0.341  0.047
  1913     9    -0.436  0.131    -0.291  0.073    -0.275  0.060    -0.368  0.063    -0.341  0.047
  1913    10    -0.313  0.121    -0.291  0.076    -0.271  0.060    -0.365  0.064    -0.339  0.047
  1913    11    -0.180  0.180    -0.280  0.071    -0.267  0.062    -0.361  0.065    -0.336  0.046
  1913    12     0.041  0.132    -0.267  0.072    -0.265  0.061    -0.359  0.065    -0.334  0.046
  1914     1    -0.082  0.192    -0.248  0.074    -0.262  0.063    -0.355  0.066    -0.332  0.046
  1914     2    -0.227  0.182    -0.230  0.078    -0.259  0.066    -0.352  0.066    -0.330  0.046
  1914     3    -0.353  0.149    -0.214  0.083    -0.258  0.067    -0.351  0.067    -0.328  0.045
  1914     4    -0.336  0.183    -0.188  0.089    -0.261  0.068    -0.347  0.067    -0.327  0.045
  1914     5    -0.315  0.112    -0.183  0.100    -0.266  0.069    -0.345  0.066    -0.326  0.045
  1914     6    -0.257  0.268    -0.195  0.106    -0.275  0.069    -0.344  0.065    -0.325  0.045
  1914     7    -0.161  0.171    -0.207  0.114    -0.281  0.067    -0.342  0.064    -0.324  0.045
  1914     8    -0.143  0.143    -0.202  0.114    -0.290  0.067    -0.342  0.065    -0.323  0.045
  1914     9    -0.244  0.180    -0.174  0.111    -0.298  0.067    -0.342  0.064    -0.322  0.044
  1914    10     0.001  0.146    -0.152  0.107    -0.302  0.070    -0.341  0.064    -0.322  0.044
  1914    11    -0.115  0.212    -0.130  0.103    -0.307  0.069    -0.341  0.064    -0.321  0.043
  1914    12    -0.108  0.194    -0.116  0.103    -0.310  0.070    -0.341  0.064    -0.321  0.043
  1915     1    -0.220  0.258    -0.112  0.094    -0.309  0.070    -0.339  0.063    -0.321  0.043
  1915     2    -0.170  0.182    -0.107  0.086    -0.304  0.072    -0.338  0.062    -0.320  0.043
  1915     3    -0.014  0.153    -0.105  0.090    -0.299  0.072    -0.335  0.060    -0.320  0.043
  1915     4    -0.078  0.225    -0.117  0.077    -0.297  0.075    -0.333  0.059    -0.319  0.043
  1915     5    -0.044  0.153    -0.113  0.068    -0.298  0.075    -0.331  0.059    -0.318  0.043
  1915     6    -0.090  0.165    -0.123  0.061    -0.303  0.077    -0.329  0.059    -0.318  0.043
  1915     7    -0.112  0.083    -0.122  0.059    -0.304  0.074    -0.328  0.059    -0.318  0.043
  1915     8    -0.094  0.185    -0.117  0.057    -0.306  0.075    -0.326  0.059    -0.318  0.043
  1915     9    -0.215  0.190    -0.143  0.066    -0.306  0.075    -0.324  0.060    -0.317  0.044
  1915    10    -0.143  0.154    -0.161  0.069    -0.308  0.074    -0.322  0.060    -0.316  0.043
  1915    11    -0.063  0.129    -0.183  0.071    -0.308  0.076    -0.319  0.060    -0.315  0.043
  1915    12    -0.235  0.209    -0.207  0.073    -0.308  0.075    -0.317  0.060    -0.314  0.043
  1916     1    -0.202  0.177    -0.221  0.084    -0.306  0.077    -0.314  0.059    -0.313  0.043
  1916     2    -0.118  0.204    -0.238  0.086    -0.307  0.078    -0.310  0.058    -0.312  0.042
  1916     3    -0.328  0.223    -0.252  0.090    -0.303  0.078    -0.308  0.057    -0.311  0.042
  1916     4    -0.291  0.149    -0.279  0.096    -0.299  0.078    -0.306  0.056    -0.311  0.041
  1916     5    -0.305  0.178    -0.318  0.102    -0.298  0.079    -0.304  0.057    -0.311  0.042
  1916     6    -0.380  0.154    -0.353  0.100    -0.302  0.080    -0.301  0.057    -0.311  0.042
  1916     7    -0.283  0.193    -0.388  0.093    -0.305  0.079    -0.298  0.057    -0.311  0.042
  1916     8    -0.289  0.147    -0.436  0.087    -0.304  0.079    -0.295  0.058    -0.310  0.042
  1916     9    -0.392  0.139    -0.475  0.083    -0.304  0.079    -0.293  0.059    -0.310  0.042
  1916    10    -0.460  0.117    -0.492  0.093    -0.301  0.078    -0.291  0.059    -0.309  0.041
  1916    11    -0.530  0.170    -0.515  0.083    -0.300  0.076    -0.290  0.057    -0.307  0.040
  1916    12    -0.662  0.212    -0.519  0.087    -0.301  0.074    -0.290  0.057    -0.307  0.039
  1917     1    -0.619  0.163    -0.514  0.083    -0.304  0.072    -0.291  0.057    -0.306  0.038
  1917     2    -0.687  0.170    -0.510  0.099    -0.307  0.074    -0.292  0.056    -0.305  0.038
  1917     3    -0.805  0.181    -0.496  0.105    -0.308  0.072    -0.291  0.057    -0.305  0.038
  1917     4    -0.494  0.228    -0.491  0.116    -0.313  0.071    -0.290  0.057    -0.305  0.038
  1917     5    -0.582  0.184    -0.486  0.109    -0.317  0.069    -0.290  0.058    -0.303  0.037
  1917     6    -0.426  0.134    -0.490  0.109    -0.322  0.068    -0.291  0.057    -0.302  0.038
  1917     7    -0.215  0.188    -0.480  0.103    -0.321  0.067    -0.290  0.057    -0.301  0.038
  1917     8    -0.250  0.299    -0.473  0.103    -0.323  0.067    -0.288  0.056    -0.299  0.038
  1917     9    -0.221  0.210    -0.446  0.102    -0.326  0.066    -0.287  0.056    -0.298  0.038
  1917    10    -0.401  0.211    -0.443  0.092    -0.329  0.066    -0.284  0.056    -0.297  0.038
  1917    11    -0.468  0.148    -0.433  0.111    -0.331  0.065    -0.283  0.054    -0.295  0.038
  1917    12    -0.713  0.191    -0.430  0.116    -0.333  0.065    -0.282  0.054    -0.294  0.038
  1918     1    -0.499  0.131    -0.436  0.127    -0.335  0.067    -0.280  0.053    -0.292  0.038
  1918     2    -0.601  0.183    -0.448  0.120    -0.337  0.067    -0.279  0.053    -0.291  0.038
  1918     3    -0.484  0.227    -0.449  0.128    -0.336  0.068    -0.278  0.053    -0.289  0.037
  1918     4    -0.462  0.194    -0.420  0.122    -0.336  0.069    -0.278  0.053    -0.288  0.037
  1918     5    -0.460  0.256    -0.389  0.123    -0.338  0.070    -0.277  0.052    -0.287  0.037
  1918     6    -0.385  0.218    -0.350  0.119    -0.340  0.070    -0.275  0.052    -0.286  0.037
  1918     7    -0.285  0.233    -0.327  0.119    -0.340  0.069    -0.274  0.051    -0.286  0.037
  1918     8    -0.392  0.134    -0.292  0.115    -0.341  0.067    -0.273  0.051    -0.284  0.038
  1918     9    -0.233  0.200    -0.282  0.109    -0.341  0.063    -0.272  0.051    -0.283  0.037
  1918    10    -0.064  0.203    -0.257  0.115    -0.341  0.062    -0.270  0.051    -0.282  0.037
  1918    11    -0.094  0.282    -0.240  0.104    -0.341  0.062    -0.268  0.052    -0.280  0.037
  1918    12    -0.237  0.135    -0.233  0.108    -0.337  0.064    -0.268  0.052    -0.279  0.036
  1919     1    -0.229  0.126    -0.236  0.102    -0.334  0.063    -0.269  0.051    -0.277  0.036
  1919     2    -0.179  0.208    -0.231  0.112    -0.332  0.063    -0.269  0.051    -0.277  0.036
  1919     3    -0.363  0.132    -0.239  0.106    -0.328  0.063    -0.266  0.051    -0.276  0.035
  1919     4    -0.165  0.176    -0.257  0.105    -0.322  0.064    -0.266  0.051    -0.276  0.035
  1919     5    -0.257  0.307    -0.280  0.104    -0.315  0.061    -0.264  0.050    -0.275  0.035
  1919     6    -0.298  0.218    -0.291  0.095    -0.305  0.061    -0.264  0.050    -0.274  0.035
  1919     7    -0.322  0.188    -0.289  0.087    -0.300  0.061    -0.264  0.049    -0.274  0.034
  1919     8    -0.330  0.228    -0.299  0.077    -0.294  0.060    -0.266  0.048    -0.273  0.034
  1919     9    -0.324  0.272    -0.282  0.080    -0.284  0.061    -0.267  0.048    -0.273  0.034
  1919    10    -0.284  0.145    -0.289  0.079    -0.278  0.060    -0.269  0.047    -0.272  0.034
  1919    11    -0.374  0.140    -0.285  0.064    -0.274  0.060    -0.269  0.047    -0.271  0.034
  1919    12    -0.371  0.178    -0.275  0.062    -0.272  0.060    -0.272  0.047    -0.270  0.034
  1920     1    -0.201  0.149    -0.270  0.063    -0.271  0.060    -0.273  0.048    -0.270  0.033
  1920     2    -0.298  0.137    -0.259  0.068    -0.272  0.059    -0.275  0.048    -0.269  0.033
  1920     3    -0.159  0.161    -0.244  0.075    -0.274  0.058    -0.278  0.049    -0.268  0.033
  1920     4    -0.245  0.228    -0.234  0.077    -0.272  0.057    -0.279  0.050    -0.266  0.032
  1920     5    -0.212  0.162    -0.218  0.075    -0.268  0.054    -0.280  0.051    -0.265  0.033
  1920     6    -0.174  0.161    -0.216  0.085    -0.260  0.055    -0.281  0.050    -0.263  0.033
  1920     7    -0.271  0.196    -0.216  0.095    -0.256  0.054    -0.282  0.051    -0.262  0.033
  1920     8    -0.196  0.215    -0.207  0.097    -0.253  0.055    -0.283  0.050    -0.260  0.033
  1920     9    -0.138  0.187    -0.221  0.084    -0.251  0.057    -0.283  0.050    -0.259  0.033
  1920    10    -0.169  0.144    -0.222  0.076    -0.249  0.060    -0.282  0.049    -0.257  0.033
  1920    11    -0.177  0.133    -0.229  0.080    -0.245  0.060    -0.282  0.049    -0.254  0.033
  1920    12    -0.356  0.132    -0.231  0.081    -0.242  0.060    -0.280  0.048    -0.252  0.034
  1921     1    -0.198  0.121    -0.214  0.079    -0.241  0.060    -0.277  0.049    -0.250  0.033
  1921     2    -0.194  0.122    -0.210  0.073    -0.239  0.058    -0.276  0.048    -0.248  0.033
  1921     3    -0.318  0.196    -0.214  0.065    -0.241  0.056    -0.273  0.047    -0.246  0.033
  1921     4    -0.261  0.097    -0.205  0.063    -0.241  0.054    -0.271  0.046    -0.244  0.033
  1921     5    -0.296  0.168    -0.200  0.061    -0.239  0.054    -0.270  0.046    -0.243  0.033
  1921     6    -0.192  0.170    -0.179  0.054    -0.234  0.054    -0.268  0.046    -0.241  0.033
  1921     7    -0.071  0.127    -0.187  0.059    -0.234  0.054    -0.268  0.047    -0.239  0.033
  1921     8    -0.154  0.201    -0.198  0.058    -0.234  0.053    -0.267  0.047    -0.237  0.034
  1921     9    -0.184  0.114    -0.188  0.062    -0.228  0.053    -0.264  0.048    -0.235  0.035
  1921    10    -0.059  0.128    -0.178  0.068    -0.230  0.052    -0.260  0.047    -0.233  0.035
  1921    11    -0.117  0.176    -0.181  0.064    -0.229  0.049    -0.256  0.046    -0.232  0.035
  1921    12    -0.108  0.126    -0.192  0.058    -0.226  0.049    -0.252  0.045    -0.232  0.035
  1922     1    -0.288  0.172    -0.201  0.056    -0.225  0.050    -0.249  0.045    -0.231  0.035
  1922     2    -0.323  0.205    -0.214  0.066    -0.225  0.049    -0.244  0.044    -0.231  0.036
  1922     3    -0.206  0.158    -0.225  0.067    -0.225  0.047    -0.240  0.045    -0.230  0.036
  1922     4    -0.140  0.203    -0.243  0.061    -0.225  0.047    -0.239  0.044    -0.229  0.037
  1922     5    -0.331  0.225    -0.252  0.054    -0.222  0.048    -0.235  0.044    -0.228  0.037
  1922     6    -0.320  0.176    -0.264  0.060    -0.222  0.050    -0.233  0.045    -0.228  0.037
  1922     7    -0.176  0.184    -0.262  0.057    -0.225  0.053    -0.232  0.045    -0.227  0.037
  1922     8    -0.315  0.160    -0.266  0.064    -0.228  0.055    -0.231  0.046    -0.226  0.037
  1922     9    -0.321  0.125    -0.282  0.064    -0.230  0.056    -0.230  0.046    -0.223  0.037
  1922    10    -0.274  0.170    -0.297  0.063    -0.229  0.057    -0.226  0.046    -0.221  0.037
  1922    11    -0.223  0.169    -0.291  0.073    -0.229  0.058    -0.222  0.046    -0.221  0.037
  1922    12    -0.256  0.175    -0.278  0.069    -0.230  0.058    -0.218  0.046    -0.219  0.038
  1923     1    -0.262  0.133    -0.285  0.067    -0.229  0.058    -0.214  0.046    -0.218  0.038
  1923     2    -0.374  0.161    -0.282  0.058    -0.229  0.059    -0.210  0.046    -0.217  0.038
  1923     3    -0.387  0.174    -0.281  0.056    -0.230  0.058    -0.208  0.046    -0.217  0.038
  1923     4    -0.329  0.159    -0.264  0.053    -0.229  0.057    -0.206  0.048    -0.216  0.038
  1923     5    -0.260  0.186    -0.243  0.056    -0.226  0.055    -0.204  0.049    -0.215  0.038
  1923     6    -0.162  0.171    -0.216  0.055    -0.219  0.055    -0.202  0.050    -0.214  0.038
  1923     7    -0.262  0.074    -0.216  0.056    -0.213  0.055    -0.201  0.050    -0.213  0.038
  1923     8    -0.275  0.129    -0.197  0.058    -0.211  0.055    -0.200  0.050    -0.213  0.038
  1923     9    -0.309  0.105    -0.169  0.053    -0.204  0.056    -0.199  0.050    -0.212  0.038
  1923    10    -0.071  0.151    -0.165  0.055    -0.202  0.056    -0.199  0.049    -0.211  0.038
  1923    11     0.031  0.125    -0.157  0.052    -0.200  0.058    -0.200  0.049    -0.211  0.039
  1923    12     0.062  0.108    -0.157  0.054    -0.199  0.059    -0.199  0.049    -0.213  0.039
  1924     1    -0.258  0.122    -0.154  0.058    -0.202  0.059    -0.200  0.050    -0.214  0.039
  1924     2    -0.149  0.106    -0.161  0.062    -0.202  0.059    -0.202  0.050    -0.213  0.039
  1924     3    -0.049  0.125    -0.161  0.064    -0.200  0.060    -0.202  0.050    -0.213  0.040
  1924     4    -0.282  0.209    -0.177  0.076    -0.199  0.059    -0.204  0.050    -0.213  0.040
  1924     5    -0.157  0.107    -0.196  0.091    -0.197  0.059    -0.205  0.048    -0.212  0.040
  1924     6    -0.161  0.167    -0.231  0.100    -0.199  0.060    -0.205  0.048    -0.211  0.040
  1924     7    -0.235  0.172    -0.245  0.107    -0.198  0.059    -0.205  0.048    -0.210  0.040
  1924     8    -0.360  0.142    -0.269  0.113    -0.195  0.059    -0.204  0.048    -0.210  0.041
  1924     9    -0.301  0.173    -0.288  0.118    -0.197  0.059    -0.204  0.047    -0.210  0.042
  1924    10    -0.260  0.207    -0.284  0.127    -0.199  0.058    -0.202  0.047    -0.209  0.041
  1924    11    -0.201  0.220    -0.286  0.132    -0.197  0.060    -0.200  0.047    -0.208  0.042
  1924    12    -0.363  0.198    -0.293  0.123    -0.195  0.061    -0.200  0.048    -0.208  0.042
  1925     1    -0.417  0.194    -0.293  0.120    -0.193  0.060    -0.201  0.049    -0.208  0.043
  1925     2    -0.439  0.244    -0.278  0.126    -0.189  0.059    -0.200  0.049    -0.207  0.043
  1925     3    -0.281  0.177    -0.269  0.134    -0.186  0.059    -0.200  0.049    -0.207  0.043
  1925     4    -0.236  0.288    -0.254  0.121    -0.179  0.059    -0.200  0.049    -0.208  0.043
  1925     5    -0.178  0.182    -0.239  0.108    -0.176  0.058    -0.199  0.050    -0.209  0.043
  1925     6    -0.242  0.151    -0.203  0.105    -0.176  0.058    -0.198  0.050    -0.209  0.043
  1925     7    -0.232  0.227    -0.156  0.100    -0.172  0.056    -0.196  0.051    -0.209  0.043
  1925     8    -0.181  0.176    -0.122  0.089    -0.167  0.056    -0.194  0.051    -0.209  0.043
  1925     9    -0.197  0.163    -0.095  0.080    -0.165  0.057    -0.194  0.050    -0.208  0.043
  1925    10    -0.075  0.141    -0.084  0.070    -0.163  0.061    -0.193  0.051    -0.207  0.043
  1925    11    -0.024  0.157    -0.086  0.074    -0.162  0.063    -0.190  0.051    -0.208  0.043
  1925    12     0.068  0.179    -0.077  0.081    -0.163  0.064    -0.186  0.051    -0.208  0.044
  1926     1     0.146  0.156    -0.076  0.078    -0.162  0.066    -0.185  0.051    -0.208  0.044
  1926     2    -0.034  0.148    -0.073  0.071    -0.160  0.065    -0.185  0.051    -0.209  0.044
  1926     3     0.044  0.114    -0.065  0.070    -0.158  0.064    -0.184  0.051    -0.208  0.044
  1926     4    -0.107  0.158    -0.056  0.073    -0.158  0.064    -0.183  0.052    -0.208  0.045
  1926     5    -0.198  0.208    -0.057  0.073    -0.161  0.065    -0.182  0.053    -0.207  0.045
  1926     6    -0.134  0.140    -0.080  0.071    -0.164  0.065    -0.180  0.053    -0.205  0.045
  1926     7    -0.220  0.145    -0.113  0.064    -0.165  0.065    -0.180  0.053    -0.204  0.046
  1926     8    -0.147  0.113    -0.121  0.053    -0.171  0.065    -0.178  0.054    -0.203  0.046
  1926     9    -0.102  0.166    -0.150  0.053    -0.176  0.066    -0.177  0.055    -0.201  0.046
  1926    10     0.036  0.122    -0.165  0.051    -0.178  0.065    -0.175  0.055    -0.199  0.047
  1926    11    -0.039  0.102    -0.163  0.050    -0.182  0.065    -0.174  0.055    -0.197  0.047
  1926    12    -0.201  0.193    -0.170  0.054    -0.183  0.065    -0.174  0.056    -0.194  0.047
  1927     1    -0.247  0.116    -0.158  0.060    -0.185  0.064    -0.171  0.056    -0.191  0.048
  1927     2    -0.133  0.121    -0.153  0.061    -0.183  0.063    -0.170  0.057    -0.188  0.048
  1927     3    -0.302  0.096    -0.155  0.065    -0.182  0.062    -0.169  0.057    -0.185  0.048
  1927     4    -0.294  0.153    -0.147  0.065    -0.180  0.061    -0.168  0.058    -0.183  0.049
  1927     5    -0.175  0.160    -0.145  0.064    -0.178  0.060    -0.166  0.059    -0.181  0.049
  1927     6    -0.212  0.160    -0.150  0.063    -0.179  0.060    -0.165  0.059    -0.179  0.049
  1927     7    -0.076  0.168    -0.130  0.064    -0.176  0.059    -0.164  0.059    -0.177  0.048
  1927     8    -0.089  0.196    -0.128  0.068    -0.173  0.057    -0.163  0.059    -0.176  0.049
  1927     9    -0.128  0.175    -0.122  0.065    -0.171  0.058    -0.160  0.059    -0.174  0.049
  1927    10     0.132  0.170    -0.114  0.069    -0.170  0.057    -0.158  0.060    -0.171  0.049
  1927    11    -0.010  0.177    -0.118  0.072    -0.169  0.057    -0.158  0.060    -0.169  0.050
  1927    12    -0.271  0.138    -0.121  0.073    -0.165  0.059    -0.157  0.060    -0.165  0.050
  1928     1     0.002  0.105    -0.128  0.072    -0.162  0.061    -0.157  0.060    -0.163  0.049
  1928     2    -0.109  0.117    -0.136  0.068    -0.160  0.061    -0.155  0.061    -0.160  0.050
  1928     3    -0.237  0.117    -0.138  0.058    -0.158  0.060    -0.155  0.061    -0.158  0.050
  1928     4    -0.196  0.247    -0.158  0.055    -0.157  0.060    -0.154  0.061    -0.156  0.051
  1928     5    -0.220  0.194    -0.170  0.068    -0.153  0.061    -0.153  0.061    -0.154  0.052
  1928     6    -0.243  0.140    -0.156  0.071    -0.154  0.059    -0.154  0.061    -0.153  0.052
  1928     7    -0.165  0.154    -0.184  0.081    -0.157  0.058    -0.153  0.061    -0.151  0.052
  1928     8    -0.182  0.101    -0.213  0.091    -0.160  0.058    -0.152  0.061    -0.149  0.052
  1928     9    -0.156  0.165    -0.225  0.097    -0.163  0.059    -0.152  0.061    -0.148  0.053
  1928    10    -0.106  0.156    -0.244  0.094    -0.164  0.060    -0.152  0.061    -0.147  0.053
  1928    11    -0.153  0.183    -0.258  0.085    -0.163  0.060    -0.155  0.061    -0.146  0.053
  1928    12    -0.101  0.181    -0.257  0.088    -0.161  0.061    -0.159  0.061    -0.145  0.053
  1929     1    -0.335  0.119    -0.273  0.095    -0.157  0.061    -0.158  0.061    -0.144  0.053
  1929     2    -0.464  0.141    -0.274  0.105    -0.155  0.062    -0.157  0.061    -0.144  0.053
  1929     3    -0.382  0.189    -0.283  0.099    -0.153  0.062    -0.159  0.061    -0.143  0.054
  1929     4    -0.414  0.195    -0.286  0.099    -0.152  0.063    -0.160  0.061    -0.142  0.054
  1929     5    -0.392  0.148    -0.280  0.090    -0.152  0.064    -0.159  0.061    -0.141  0.053
  1929     6    -0.235  0.163    -0.307  0.083    -0.149  0.064    -0.158  0.061    -0.139  0.054
  1929     7    -0.355  0.139    -0.300  0.080    -0.143  0.064    -0.157  0.061    -0.138  0.055
  1929     8    -0.189  0.221    -0.283  0.073    -0.145  0.065    -0.155  0.061    -0.136  0.056
  1929     9    -0.275  0.100    -0.261  0.071    -0.142  0.065    -0.153  0.062    -0.134  0.056
  1929    10    -0.136  0.143    -0.242  0.068    -0.137  0.067    -0.150  0.061    -0.133  0.056
  1929    11    -0.084  0.148    -0.219  0.071    -0.136  0.067    -0.147  0.060    -0.131  0.056
  1929    12    -0.419  0.175    -0.202  0.074    -0.135  0.067    -0.144  0.060    -0.127  0.056
  1930     1    -0.251  0.098    -0.177  0.077    -0.135  0.066    -0.143  0.059    -0.126  0.056
  1930     2    -0.261  0.157    -0.163  0.097    -0.136  0.067    -0.138  0.059    -0.124  0.056
  1930     3    -0.118  0.179    -0.149  0.102    -0.134  0.067    -0.137  0.058    -0.123  0.056
  1930     4    -0.188  0.228    -0.136  0.110    -0.137  0.067    -0.137  0.057    -0.121  0.056
  1930     5    -0.118  0.254    -0.114  0.112    -0.140  0.068    -0.138  0.056    -0.119  0.056
  1930     6    -0.033  0.175    -0.077  0.112    -0.138  0.069    -0.137  0.057    -0.118  0.056
  1930     7    -0.048  0.139    -0.060  0.114    -0.141  0.069    -0.135  0.057    -0.116  0.057
  1930     8    -0.025  0.233    -0.055  0.118    -0.144  0.070    -0.134  0.057    -0.114  0.057
  1930     9    -0.107  0.137    -0.055  0.116    -0.145  0.068    -0.133  0.058    -0.113  0.057
  1930    10     0.022  0.192    -0.054  0.116    -0.145  0.066    -0.133  0.058    -0.112  0.057
  1930    11     0.182  0.197    -0.059  0.097    -0.145  0.066    -0.134  0.059    -0.111  0.058
  1930    12     0.021  0.147    -0.057  0.090    -0.144  0.065    -0.136  0.059    -0.108  0.058
  1931     1    -0.053  0.148    -0.051  0.095    -0.145  0.064    -0.140  0.059    -0.108  0.058
  1931     2    -0.201  0.188    -0.051  0.093    -0.144  0.066    -0.142  0.059    -0.107  0.058
  1931     3    -0.114  0.180    -0.042  0.098    -0.146  0.066    -0.144  0.060    -0.105  0.058
  1931     4    -0.170  0.162    -0.034  0.092    -0.146  0.067    -0.144  0.061    -0.104  0.058
  1931     5    -0.181  0.170    -0.049  0.089    -0.148  0.066    -0.143  0.060    -0.103  0.059
  1931     6    -0.017  0.129    -0.053  0.093    -0.153  0.066    -0.142  0.061    -0.102  0.059
  1931     7     0.032  0.154    -0.041  0.087    -0.151  0.066    -0.140  0.061    -0.100  0.059
  1931     8    -0.022  0.139    -0.044  0.089    -0.144  0.066    -0.139  0.061    -0.099  0.060
  1931     9    -0.002  0.170    -0.047  0.086    -0.143  0.065    -0.138  0.061    -0.099  0.060
  1931    10     0.117  0.199    -0.034  0.092    -0.141  0.067    -0.138  0.061    -0.098  0.061
  1931    11    -0.004  0.164    -0.027  0.098    -0.136  0.067    -0.137  0.062    -0.097  0.061
  1931    12    -0.027  0.218    -0.038  0.096    -0.132  0.067    -0.135  0.062    -0.097  0.062
  1932     1     0.099  0.179    -0.047  0.098    -0.128  0.068    -0.133  0.063    -0.095  0.062
  1932     2    -0.244  0.161    -0.057  0.097    -0.127  0.070    -0.131  0.064    -0.094  0.062
  1932     3    -0.145  0.150    -0.056  0.093    -0.123  0.071    -0.130  0.064    -0.093  0.062
  1932     4    -0.014  0.216    -0.070  0.091    -0.120  0.072    -0.128  0.064    -0.092  0.062
  1932     5    -0.101  0.150    -0.087  0.087    -0.116  0.072    -0.126  0.064    -0.091  0.063
  1932     6    -0.143  0.167    -0.098  0.098    -0.109  0.071    -0.124  0.063    -0.089  0.063
  1932     7    -0.077  0.205    -0.123  0.092    -0.110  0.072    -0.122  0.063    -0.089  0.063
  1932     8    -0.142  0.160    -0.122  0.092    -0.103  0.071    -0.120  0.063    -0.088  0.063
  1932     9     0.012  0.211    -0.135  0.083    -0.104  0.070    -0.118  0.063    -0.087  0.064
  1932    10    -0.055  0.144    -0.152  0.073    -0.104  0.071    -0.117  0.063    -0.086  0.064
  1932    11    -0.213  0.144    -0.160  0.071    -0.106  0.067    -0.115  0.064    -0.085  0.065
  1932    12    -0.147  0.231    -0.165  0.064    -0.108  0.066    -0.113  0.063    -0.084  0.065
  1933     1    -0.203  0.129    -0.177  0.065    -0.108  0.067    -0.112  0.064    -0.083  0.065
  1933     2    -0.239  0.110    -0.177  0.064    -0.109  0.067    -0.110  0.064    -0.082  0.066
  1933     3    -0.304  0.091    -0.201  0.058    -0.109  0.069    -0.108  0.065    -0.081  0.066
  1933     4    -0.216  0.156    -0.203  0.054    -0.109  0.066    -0.105  0.065    -0.079  0.067
  1933     5    -0.189  0.110    -0.209  0.053    -0.115  0.066    -0.104  0.064    -0.078  0.067
  1933     6    -0.209  0.118    -0.231  0.057    -0.118  0.067    -0.103  0.064    -0.077  0.067
  1933     7    -0.216  0.123    -0.233  0.061    -0.122  0.067    -0.101  0.064    -0.076  0.067
  1933     8    -0.145  0.194    -0.216  0.060    -0.123  0.067    -0.099  0.064    -0.075  0.068
  1933     9    -0.273  0.175    -0.216  0.061    -0.125  0.067    -0.097  0.066    -0.074  0.068
  1933    10    -0.087  0.151    -0.222  0.068    -0.124  0.068    -0.094  0.067    -0.072  0.068
  1933    11    -0.281  0.167    -0.214  0.068    -0.123  0.068    -0.092  0.067    -0.072  0.069
  1933    12    -0.408  0.199    -0.199  0.071    -0.123  0.068    -0.091  0.067    -0.072  0.069
  1934     1    -0.228  0.143    -0.188  0.083    -0.123  0.068    -0.089  0.066    -0.070  0.069
  1934     2    -0.040  0.092    -0.185  0.088    -0.123  0.067    -0.086  0.066    -0.068  0.069
  1934     3    -0.302  0.140    -0.168  0.098    -0.123  0.068    -0.084  0.066    -0.068  0.069
  1934     4    -0.286  0.206    -0.156  0.105    -0.123  0.067    -0.081  0.067    -0.066  0.070
  1934     5    -0.096  0.158    -0.118  0.102    -0.123  0.067    -0.076  0.068    -0.065  0.070
  1934     6    -0.032  0.171    -0.086  0.095    -0.121  0.067    -0.073  0.068    -0.064  0.070
  1934     7    -0.075  0.159    -0.092  0.100    -0.124  0.068    -0.070  0.070    -0.063  0.071
  1934     8    -0.116  0.218    -0.078  0.099    -0.118  0.068    -0.068  0.071    -0.061  0.071
  1934     9    -0.068  0.196    -0.066  0.096    -0.118  0.068    -0.064  0.072    -0.058  0.071
  1934    10     0.063  0.100    -0.061  0.088    -0.118  0.066    -0.063  0.073    -0.056  0.071
  1934    11     0.173  0.162    -0.072  0.078    -0.116  0.065    -0.061  0.073    -0.055  0.070
  1934    12    -0.024  0.109    -0.082  0.078    -0.113  0.065    -0.054  0.072    -0.053  0.070
  1935     1    -0.304  0.168    -0.078  0.078    -0.109  0.065    -0.051  0.071    -0.051  0.070
  1935     2     0.126  0.122    -0.075  0.077    -0.105  0.064    -0.048  0.071    -0.049  0.070
  1935     3    -0.147  0.105    -0.077  0.081    -0.102  0.063    -0.045  0.070    -0.048  0.070
  1935     4    -0.226  0.112    -0.080  0.086    -0.096  0.062    -0.042  0.070    -0.047  0.070
  1935     5    -0.239  0.132    -0.113  0.084    -0.090  0.063    -0.039  0.069    -0.046  0.070
  1935     6    -0.141  0.194    -0.123  0.086    -0.087  0.063    -0.038  0.069    -0.045  0.071
  1935     7    -0.034  0.174    -0.121  0.086    -0.082  0.063    -0.036  0.069    -0.044  0.072
  1935     8    -0.081  0.217    -0.155  0.088    -0.077  0.063    -0.034  0.069    -0.042  0.072
  1935     9    -0.087  0.187    -0.159  0.095    -0.070  0.066    -0.032  0.069    -0.041  0.072
  1935    10     0.030  0.145    -0.150  0.099    -0.066  0.067    -0.031  0.069    -0.040  0.072
  1935    11    -0.228  0.151    -0.139  0.101    -0.063  0.068    -0.031  0.068    -0.040  0.072
  1935    12    -0.147  0.152    -0.131  0.099    -0.061  0.067    -0.030  0.069    -0.041  0.072
  1936     1    -0.274  0.174    -0.127  0.102    -0.057  0.068    -0.030  0.069    -0.041  0.071
  1936     2    -0.284  0.171    -0.118  0.094    -0.054  0.068    -0.028  0.068    -0.042  0.072
  1936     3    -0.193  0.136    -0.112  0.091    -0.048  0.069    -0.027  0.068    -0.042  0.072
  1936     4    -0.126  0.173    -0.106  0.089    -0.042  0.070    -0.026  0.069    -0.042  0.072
  1936     5    -0.105  0.183    -0.086  0.090    -0.035  0.070    -0.024  0.070    -0.041  0.072
  1936     6    -0.046  0.188    -0.069  0.084    -0.030  0.070    -0.023  0.070    -0.041  0.072
  1936     7     0.016  0.142    -0.050  0.084    -0.027  0.070    -0.021  0.070    -0.041  0.072
  1936     8     0.023  0.087    -0.019  0.088    -0.027  0.071    -0.021  0.070    -0.041  0.072
  1936     9    -0.013  0.190    -0.012  0.088    -0.025  0.071    -0.022  0.070    -0.040  0.072
  1936    10     0.110  0.145    -0.004  0.084    -0.020  0.069    -0.021  0.070    -0.040  0.073
  1936    11     0.003  0.149     0.003  0.075    -0.017  0.072    -0.020  0.070    -0.041  0.073
  1936    12     0.068  0.112     0.013  0.073    -0.014  0.073    -0.020  0.071    -0.041  0.073
  1937     1    -0.055  0.148     0.023  0.068    -0.012  0.075    -0.019  0.071    -0.040  0.073
  1937     2     0.093  0.093     0.031  0.072    -0.009  0.076    -0.017  0.071    -0.040  0.074
  1937     3    -0.113  0.126     0.050  0.069    -0.006  0.077    -0.016  0.071    -0.038  0.074
  1937     4    -0.023  0.141     0.062  0.068    -0.006  0.080    -0.017  0.071    -0.037  0.074
  1937     5    -0.021  0.127     0.074  0.070    -0.007  0.079    -0.015  0.073    -0.036  0.074
  1937     6     0.067  0.135     0.072  0.072     0.000  0.078    -0.014  0.074    -0.035  0.074
  1937     7     0.137  0.107     0.085  0.069     0.007  0.078    -0.014  0.075    -0.035  0.074
  1937     8     0.118  0.177     0.085  0.070     0.008  0.076    -0.014  0.075    -0.035  0.074
  1937     9     0.218  0.133     0.101  0.078     0.014  0.076    -0.014  0.075    -0.035  0.074
  1937    10     0.257  0.131     0.108  0.076     0.021  0.076    -0.013  0.075    -0.035  0.074
  1937    11     0.145  0.177     0.107  0.078     0.028  0.077    -0.012  0.076    -0.035  0.075
  1937    12     0.038  0.142     0.094  0.078     0.033  0.077    -0.011  0.077    -0.034  0.075
  1938     1     0.100  0.113     0.085  0.081     0.037  0.078    -0.010  0.078    -0.034  0.075
  1938     2     0.093  0.118     0.077  0.084     0.040  0.077    -0.008  0.078    -0.034  0.076
  1938     3     0.085  0.171     0.069  0.090     0.045  0.076    -0.006  0.079    -0.034  0.076
  1938     4     0.056  0.225     0.067  0.091     0.047  0.076    -0.004  0.079    -0.034  0.076
  1938     5    -0.030  0.114     0.067  0.091     0.052  0.076    -0.003  0.079    -0.033  0.076
  1938     6    -0.088  0.127     0.057  0.090     0.059  0.076    -0.001  0.079    -0.031  0.076
  1938     7     0.033  0.117     0.045  0.091     0.061  0.076     0.000  0.080    -0.031  0.076
  1938     8     0.012  0.168     0.032  0.086     0.067  0.077     0.002  0.081    -0.030  0.076
  1938     9     0.121  0.130     0.009  0.077     0.070  0.076     0.004  0.081    -0.030  0.077
  1938    10     0.240  0.137     0.005  0.069     0.072  0.077     0.008  0.082    -0.029  0.077
  1938    11     0.138  0.150     0.017  0.073     0.075  0.078     0.011  0.082    -0.029  0.077
  1938    12    -0.076  0.133     0.034  0.080     0.077  0.079     0.015  0.083    -0.030  0.077
  1939     1    -0.041  0.111     0.035  0.087     0.081  0.079     0.019  0.084    -0.029  0.078
  1939     2    -0.063  0.093     0.041  0.088     0.082  0.081     0.021  0.084    -0.028  0.078
  1939     3    -0.191  0.100     0.042  0.093     0.080  0.081     0.024  0.085    -0.027  0.078
  1939     4     0.003  0.155     0.025  0.100     0.081  0.082     0.027  0.087    -0.025  0.079
  1939     5     0.120  0.207     0.022  0.101     0.082  0.082     0.029  0.088    -0.024  0.079
  1939     6     0.109  0.195     0.063  0.100     0.082  0.085     0.030  0.089    -0.024  0.079
  1939     7     0.044  0.191     0.076  0.104     0.087  0.085     0.031  0.090    -0.023  0.080
  1939     8     0.091  0.157     0.097  0.100     0.084  0.085     0.034  0.091    -0.022  0.080
  1939     9     0.127  0.180     0.129  0.100     0.086  0.085     0.036  0.091    -0.022  0.081
  1939    10     0.033  0.244     0.148  0.106     0.085  0.087     0.038  0.091    -0.021  0.081
  1939    11     0.101  0.171     0.152  0.100     0.086  0.092     0.037  0.091    -0.021  0.080
  1939    12     0.425  0.147     0.156  0.097     0.085  0.093     0.038  0.092    -0.020  0.080
  1940     1     0.112  0.098     0.167  0.094     0.081  0.093     0.041  0.092    -0.020  0.080
  1940     2     0.194  0.126     0.171  0.099     0.078  0.094     0.040  0.093    -0.021  0.080
  1940     3     0.189  0.142     0.175  0.100     0.074  0.096     0.041  0.094    -0.021  0.081
  1940     4     0.236  0.240     0.188  0.086     0.070  0.096     0.043  0.095    -0.021  0.081
  1940     5     0.162  0.192     0.186  0.083     0.066  0.097     0.045  0.096    -0.021  0.081
  1940     6     0.155  0.173     0.171  0.080     0.066  0.099     0.047  0.097    -0.021  0.081
  1940     7     0.180  0.127     0.152  0.085     0.063  0.101     0.047  0.097    -0.021  0.082
  1940     8     0.142  0.148     0.142  0.093     0.062  0.101     0.049  0.097    -0.021  0.082
  1940     9     0.173  0.156     0.123  0.103     0.058  0.101     0.051  0.097    -0.022  0.082
  1940    10     0.189  0.141     0.104  0.113     0.057  0.100     0.052  0.097    -0.022  0.082
  1940    11     0.076  0.149     0.094  0.115     0.057  0.099     0.054  0.097    -0.024  0.082
  1940    12     0.239  0.150     0.091  0.122     0.059  0.101     0.055  0.097    -0.025  0.082
  1941     1    -0.114  0.191     0.093  0.119     0.058  0.103     0.057  0.096    -0.026  0.082
  1941     2     0.072  0.191     0.088  0.118     0.058  0.104     0.058  0.096    -0.027  0.082
  1941     3    -0.031  0.204     0.063  0.116     0.057  0.104     0.059  0.096    -0.028  0.082
  1941     4     0.009  0.201     0.064  0.122     0.057  0.105     0.060  0.095    -0.027  0.083
  1941     5     0.042  0.164     0.061  0.122     0.057  0.106     0.061  0.095    -0.026  0.083
  1941     6     0.111  0.205     0.048  0.131     0.060  0.107     0.059  0.097    -0.026  0.084
  1941     7     0.211  0.144     0.076  0.128     0.065  0.107     0.059  0.096    -0.026  0.083
  1941     8     0.074  0.226     0.064  0.122     0.068  0.107     0.058  0.096    -0.025  0.083
  1941     9    -0.121  0.155     0.065  0.127     0.074  0.110     0.057  0.097    -0.024  0.083
  1941    10     0.204  0.170     0.058  0.135     0.075  0.114     0.057  0.098    -0.024  0.084
  1941    11     0.037  0.172     0.057  0.153     0.075  0.114     0.056  0.097    -0.024  0.083
  1941    12     0.085  0.240     0.050  0.153     0.074  0.114     0.053  0.097    -0.023  0.083
  1942     1     0.218  0.155     0.027  0.152     0.075  0.115     0.054  0.098    -0.023  0.084
  1942     2    -0.071  0.163     0.013  0.156     0.076  0.116     0.052  0.098    -0.021  0.084
  1942     3    -0.019  0.258     0.021  0.159     0.078  0.116     0.054  0.098    -0.021  0.084
  1942     4    -0.076  0.265     0.004  0.157     0.082  0.114     0.054  0.098    -0.021  0.084
  1942     5     0.036  0.331    -0.003  0.161     0.080  0.113     0.054  0.099    -0.020  0.084
  1942     6     0.024  0.146    -0.010  0.158     0.075  0.115     0.054  0.099    -0.019  0.084
  1942     7    -0.071  0.162    -0.036  0.157     0.074  0.117     0.053  0.100    -0.018  0.085
  1942     8    -0.093  0.220    -0.027  0.158     0.071  0.117     0.051  0.100    -0.017  0.085
  1942     9    -0.016  0.221    -0.038  0.154     0.067  0.120     0.049  0.100    -0.016  0.085
  1942    10    -0.006  0.228    -0.030  0.148     0.065  0.122     0.047  0.100    -0.016  0.085
  1942    11    -0.050  0.237    -0.034  0.133     0.062  0.124     0.046  0.100    -0.015  0.085
  1942    12     0.005  0.236    -0.037  0.141     0.060  0.125     0.045  0.101    -0.014  0.085
  1943     1    -0.095  0.138    -0.032  0.141     0.057  0.127     0.044  0.101    -0.013  0.085
  1943     2     0.033  0.154    -0.021  0.141     0.058  0.127     0.042  0.102    -0.011  0.085
  1943     3    -0.143  0.155    -0.018  0.141     0.057  0.127     0.039  0.102    -0.010  0.085
  1943     4     0.012  0.211     0.006  0.138     0.057  0.128     0.037  0.102    -0.008  0.085
  1943     5    -0.008  0.166     0.019  0.133     0.057  0.129     0.039  0.102    -0.006  0.085
  1943     6    -0.018  0.268     0.028  0.124     0.050  0.128     0.040  0.103    -0.004  0.085
  1943     7    -0.010  0.235     0.056  0.120     0.052  0.127     0.039  0.105    -0.003  0.085
  1943     8     0.041  0.212     0.065  0.123     0.048  0.126     0.039  0.105    -0.002  0.085
  1943     9     0.018  0.208     0.091  0.128     0.048  0.125     0.037  0.105     0.000  0.085
  1943    10     0.281  0.201     0.095  0.142     0.048  0.124     0.035  0.105     0.001  0.085
  1943    11     0.114  0.190     0.107  0.148     0.047  0.122     0.033  0.105     0.002  0.085
  1943    12     0.111  0.160     0.109  0.142     0.041  0.123     0.031  0.106     0.004  0.085
  1944     1     0.237  0.158     0.119  0.145     0.037  0.122     0.032  0.106     0.005  0.085
  1944     2     0.145  0.135     0.130  0.141     0.034  0.121     0.030  0.107     0.005  0.085
  1944     3     0.166  0.219     0.148  0.144     0.035  0.123     0.031  0.108     0.005  0.085
  1944     4     0.065  0.334     0.146  0.147     0.032  0.124     0.030  0.109     0.006  0.085
  1944     5     0.128  0.219     0.139  0.148     0.030  0.123     0.028  0.109     0.006  0.084
  1944     6     0.015  0.183     0.140  0.154     0.025  0.120     0.026  0.109     0.006  0.084
  1944     7     0.105  0.275     0.125  0.156     0.020  0.120     0.025  0.109     0.006  0.084
  1944     8     0.178  0.257     0.113  0.157     0.021  0.120     0.023  0.109     0.006  0.084
  1944     9     0.234  0.158     0.096  0.155     0.022  0.120     0.021  0.108     0.006  0.084
  1944    10     0.254  0.180     0.099  0.140     0.024  0.117     0.020  0.108     0.006  0.084
  1944    11     0.031  0.161     0.087  0.143     0.022  0.115     0.019  0.107     0.006  0.084
  1944    12     0.117  0.194     0.087  0.149     0.023  0.115     0.014  0.108     0.006  0.084
  1945     1     0.061  0.188     0.080  0.147     0.024  0.115     0.011  0.108     0.007  0.084
  1945     2    -0.004  0.147     0.083  0.143     0.024  0.113     0.006  0.108     0.006  0.084
  1945     3    -0.035  0.203     0.069  0.145     0.023  0.112     0.003  0.109     0.005  0.084
  1945     4     0.104  0.207     0.067  0.155     0.025  0.113    -0.001  0.110     0.005  0.084
  1945     5    -0.021  0.242     0.067  0.159     0.026  0.112    -0.003  0.111     0.005  0.084
  1945     6     0.022  0.231     0.045  0.143     0.024  0.112    -0.004  0.112     0.005  0.083
  1945     7     0.013  0.257     0.042  0.135     0.025  0.113    -0.006  0.113     0.005  0.083
  1945     8     0.213  0.214     0.028  0.134     0.022  0.115    -0.008  0.113     0.006  0.083
  1945     9     0.070  0.176     0.026  0.125     0.020  0.116    -0.011  0.113     0.006  0.083
  1945    10     0.234  0.279     0.017  0.112     0.018  0.115    -0.013  0.114     0.006  0.083
  1945    11     0.028  0.199     0.017  0.096     0.020  0.116    -0.017  0.114     0.005  0.083
  1945    12    -0.140  0.125    -0.002  0.096     0.021  0.115    -0.020  0.115     0.005  0.083
  1946     1     0.016  0.114    -0.009  0.082     0.020  0.116    -0.022  0.114     0.006  0.083
  1946     2    -0.173  0.093    -0.035  0.082     0.020  0.115    -0.027  0.114     0.006  0.083
  1946     3    -0.060  0.157    -0.045  0.086     0.018  0.116    -0.028  0.114     0.005  0.082
  1946     4     0.004  0.171    -0.064  0.087     0.013  0.116    -0.029  0.114     0.005  0.082
  1946     5    -0.017  0.134    -0.071  0.080     0.009  0.117    -0.029  0.114     0.004  0.082
  1946     6    -0.210  0.295    -0.079  0.087     0.003  0.118    -0.029  0.114     0.003  0.083
  1946     7    -0.068  0.237    -0.084  0.090    -0.001  0.118    -0.030  0.114     0.003  0.082
  1946     8    -0.101  0.208    -0.075  0.096    -0.007  0.118    -0.029  0.114     0.002  0.082
  1946     9    -0.054  0.202    -0.063  0.100    -0.012  0.117    -0.027  0.114     0.001  0.082
  1946    10     0.012  0.245    -0.063  0.105    -0.016  0.114    -0.027  0.114    -0.001  0.082
  1946    11    -0.062  0.119    -0.065  0.125    -0.019  0.113    -0.027  0.114    -0.001  0.082
  1946    12    -0.235  0.113    -0.042  0.114    -0.021  0.113    -0.026  0.113    -0.002  0.082
  1947     1    -0.048  0.154    -0.035  0.116    -0.025  0.112    -0.027  0.112    -0.002  0.082
  1947     2    -0.054  0.203    -0.036  0.125    -0.029  0.110    -0.026  0.112    -0.003  0.082
  1947     3     0.078  0.168    -0.038  0.125    -0.036  0.109    -0.026  0.112    -0.003  0.081
  1947     4     0.007  0.161    -0.032  0.132    -0.041  0.110    -0.025  0.110    -0.003  0.081
  1947     5    -0.044  0.236    -0.024  0.139    -0.043  0.110    -0.024  0.109    -0.003  0.081
  1947     6     0.068  0.195    -0.015  0.151    -0.047  0.109    -0.023  0.110    -0.002  0.081
  1947     7     0.007  0.243    -0.012  0.154    -0.053  0.109    -0.022  0.109    -0.003  0.082
  1947     8    -0.106  0.225    -0.021  0.149    -0.060  0.109    -0.020  0.108    -0.003  0.082
  1947     9    -0.083  0.239    -0.047  0.152    -0.062  0.109    -0.019  0.108    -0.003  0.082
  1947    10     0.089  0.173    -0.060  0.148    -0.067  0.109    -0.018  0.108    -0.004  0.082
  1947    11     0.031  0.164    -0.045  0.143    -0.068  0.110    -0.018  0.108    -0.004  0.082
  1947    12    -0.131  0.220    -0.048  0.145    -0.069  0.110    -0.018  0.107    -0.004  0.082
  1948     1    -0.003  0.177    -0.054  0.148    -0.070  0.110    -0.016  0.106    -0.003  0.081
  1948     2    -0.171  0.145    -0.044  0.150    -0.075  0.110    -0.015  0.106    -0.003  0.081
  1948     3    -0.228  0.206    -0.046  0.146    -0.079  0.111    -0.013  0.105    -0.003  0.080
  1948     4    -0.152  0.144    -0.052  0.138    -0.084  0.110    -0.011  0.105    -0.003  0.080
  1948     5     0.136  0.203    -0.067  0.141    -0.090  0.109    -0.009  0.104    -0.003  0.080
  1948     6     0.034  0.219    -0.078  0.137    -0.091  0.110    -0.007  0.103    -0.003  0.080
  1948     7    -0.060  0.245    -0.075  0.136    -0.097  0.110    -0.006  0.102    -0.003  0.080
  1948     8     0.006  0.215    -0.081  0.137    -0.102  0.110    -0.005  0.101    -0.003  0.080
  1948     9    -0.097  0.169    -0.073  0.131    -0.104  0.111    -0.004  0.100    -0.004  0.080
  1948    10     0.012  0.115    -0.072  0.133    -0.106  0.114    -0.006  0.100    -0.005  0.079
  1948    11    -0.152  0.169    -0.090  0.128    -0.104  0.115    -0.006  0.100    -0.005  0.079
  1948    12    -0.259  0.181    -0.103  0.124    -0.099  0.113    -0.006  0.100    -0.004  0.079
  1949     1     0.035  0.221    -0.107  0.118    -0.097  0.113    -0.010  0.100    -0.004  0.079
  1949     2    -0.244  0.138    -0.114  0.115    -0.093  0.116    -0.012  0.099    -0.004  0.079
  1949     3    -0.130  0.130    -0.118  0.110    -0.090  0.115    -0.014  0.097    -0.003  0.079
  1949     4    -0.139  0.181    -0.123  0.114    -0.086  0.116    -0.015  0.095    -0.002  0.079
  1949     5    -0.080  0.142    -0.122  0.105    -0.085  0.116    -0.017  0.093    -0.002  0.079
  1949     6    -0.122  0.164    -0.106  0.100    -0.078  0.116    -0.017  0.092    -0.003  0.079
  1949     7    -0.119  0.180    -0.137  0.095    -0.074  0.115    -0.019  0.091    -0.003  0.078
  1949     8    -0.078  0.157    -0.149  0.094    -0.072  0.114    -0.021  0.090    -0.003  0.078
  1949     9    -0.136  0.109    -0.153  0.098    -0.074  0.114    -0.024  0.089    -0.004  0.078
  1949    10    -0.058  0.149    -0.159  0.103    -0.073  0.114    -0.025  0.089    -0.004  0.077
  1949    11    -0.129  0.124    -0.156  0.111    -0.070  0.113    -0.025  0.089    -0.005  0.077
  1949    12    -0.078  0.143    -0.150  0.111    -0.070  0.113    -0.026  0.089    -0.007  0.077
  1950     1    -0.336  0.118    -0.143  0.113    -0.068  0.110    -0.026  0.088    -0.007  0.077
  1950     2    -0.383  0.118    -0.144  0.113    -0.064  0.110    -0.028  0.088    -0.008  0.077
  1950     3    -0.179  0.166    -0.147  0.120    -0.060  0.110    -0.030  0.087    -0.010  0.077
  1950     4    -0.212  0.253    -0.150  0.122    -0.060  0.110    -0.033  0.086    -0.012  0.078
  1950     5    -0.044  0.237    -0.166  0.125    -0.062  0.109    -0.034  0.085    -0.013  0.078
  1950     6    -0.050  0.183    -0.176  0.125    -0.059  0.107    -0.036  0.085    -0.013  0.078
  1950     7    -0.029  0.199    -0.178  0.128    -0.058  0.104    -0.037  0.084    -0.014  0.078
  1950     8    -0.095  0.103    -0.183  0.125    -0.052  0.102    -0.038  0.083    -0.015  0.077
  1950     9    -0.174  0.166    -0.185  0.123    -0.047  0.100    -0.039  0.084    -0.015  0.077
  1950    10    -0.094  0.161    -0.176  0.126    -0.040  0.100    -0.041  0.083    -0.016  0.077
  1950    11    -0.321  0.144    -0.166  0.120    -0.038  0.099    -0.044  0.082    -0.017  0.077
  1950    12    -0.189  0.162    -0.151  0.118    -0.035  0.097    -0.045  0.083    -0.017  0.077
  1951     1    -0.370  0.152    -0.145  0.112    -0.032  0.094    -0.046  0.083    -0.017  0.076
  1951     2    -0.441  0.094    -0.125  0.119    -0.030  0.093    -0.046  0.083    -0.016  0.076
  1951     3    -0.201  0.148    -0.100  0.120    -0.026  0.091    -0.048  0.084    -0.016  0.076
  1951     4    -0.099  0.188    -0.071  0.117    -0.024  0.091    -0.051  0.084    -0.016  0.076
  1951     5     0.066  0.156    -0.044  0.110    -0.022  0.091    -0.053  0.084    -0.015  0.075
  1951     6     0.137  0.205    -0.013  0.108    -0.015  0.089    -0.053  0.083    -0.015  0.075
  1951     7     0.040  0.114     0.031  0.103    -0.019  0.087    -0.053  0.083    -0.016  0.075
  1951     8     0.144  0.219     0.076  0.105    -0.016  0.086    -0.054  0.083    -0.016  0.074
  1951     9     0.128  0.111     0.087  0.104    -0.015  0.085    -0.056  0.082    -0.015  0.074
  1951    10     0.253  0.172     0.103  0.101    -0.015  0.083    -0.058  0.081    -0.016  0.074
  1951    11     0.002  0.138     0.106  0.100    -0.016  0.081    -0.059  0.081    -0.016  0.074
  1951    12     0.183  0.126     0.102  0.102    -0.013  0.079    -0.057  0.081    -0.017  0.073
  1952     1     0.163  0.090     0.110  0.099    -0.013  0.078    -0.058  0.081    -0.018  0.072
  1952     2     0.094  0.118     0.108  0.093    -0.013  0.077    -0.058  0.080    -0.017  0.072
  1952     3    -0.061  0.120     0.110  0.101    -0.012  0.076    -0.060  0.080    -0.017  0.072
  1952     4     0.087  0.126     0.097  0.103    -0.010  0.076    -0.060  0.080    -0.016  0.071
  1952     5     0.102  0.132     0.089  0.106    -0.006  0.076    -0.059  0.078    -0.017  0.070
  1952     6     0.096  0.182     0.077  0.104    -0.006  0.076    -0.058  0.078    -0.017  0.070
  1952     7     0.130  0.145     0.069  0.100     0.002  0.076    -0.058  0.077    -0.017  0.069
  1952     8     0.124  0.175     0.076  0.098     0.005  0.076    -0.056  0.077    -0.017  0.069
  1952     9     0.144  0.216     0.087  0.095     0.002  0.076    -0.055  0.076    -0.017  0.068
  1952    10     0.096  0.236     0.103  0.096     0.002  0.075    -0.055  0.075    -0.017  0.068
  1952    11    -0.088  0.119     0.117  0.094    -0.001  0.073    -0.055  0.075    -0.017  0.068
  1952    12     0.038  0.118     0.127  0.089    -0.002  0.072    -0.053  0.074    -0.017  0.068
  1953     1     0.060  0.092     0.126  0.089    -0.004  0.071    -0.050  0.072    -0.017  0.067
  1953     2     0.180  0.140     0.127  0.085    -0.000  0.071    -0.048  0.072    -0.017  0.067
  1953     3     0.078  0.098     0.123  0.076     0.001  0.071    -0.045  0.071    -0.017  0.067
  1953     4     0.273  0.145     0.127  0.068     0.002  0.070    -0.044  0.071    -0.018  0.066
  1953     5     0.271  0.166     0.135  0.078     0.003  0.069    -0.045  0.070    -0.018  0.066
  1953     6     0.222  0.133     0.143  0.082     0.001  0.070    -0.045  0.070    -0.018  0.066
  1953     7     0.116  0.155     0.122  0.089     0.005  0.070    -0.045  0.069    -0.017  0.065
  1953     8     0.127  0.206     0.102  0.089     0.009  0.071    -0.045  0.069    -0.016  0.065
  1953     9     0.105  0.106     0.088  0.091     0.007  0.072    -0.045  0.069    -0.016  0.065
  1953    10     0.144  0.104     0.054  0.087     0.005  0.071    -0.044  0.069    -0.016  0.065
  1953    11     0.005  0.165     0.022  0.085    -0.001  0.070    -0.043  0.068    -0.016  0.065
  1953    12     0.138  0.129     0.004  0.090    -0.006  0.071    -0.040  0.066    -0.016  0.064
  1954     1    -0.191  0.117    -0.011  0.083    -0.009  0.070    -0.040  0.065    -0.018  0.064
  1954     2    -0.064  0.175    -0.029  0.078    -0.016  0.069    -0.038  0.065    -0.019  0.064
  1954     3    -0.088  0.169    -0.046  0.075    -0.022  0.070    -0.036  0.065    -0.021  0.063
  1954     4    -0.133  0.132    -0.052  0.075    -0.030  0.068    -0.034  0.065    -0.023  0.062
  1954     5    -0.113  0.136    -0.045  0.074    -0.033  0.069    -0.033  0.064    -0.025  0.061
  1954     6     0.002  0.146    -0.063  0.072    -0.036  0.069    -0.031  0.064    -0.025  0.060
  1954     7    -0.064  0.108    -0.035  0.069    -0.042  0.069    -0.030  0.063    -0.025  0.060
  1954     8    -0.082  0.107    -0.047  0.067    -0.045  0.069    -0.029  0.062    -0.027  0.059
  1954     9    -0.110  0.083    -0.068  0.064    -0.046  0.068    -0.029  0.062    -0.029  0.059
  1954    10     0.072  0.125    -0.076  0.066    -0.048  0.068    -0.028  0.061    -0.032  0.058
  1954    11     0.099  0.118    -0.084  0.066    -0.048  0.068    -0.028  0.061    -0.033  0.058
  1954    12    -0.080  0.115    -0.094  0.067    -0.046  0.067    -0.027  0.061    -0.034  0.058
  1955     1     0.138  0.088    -0.102  0.070    -0.049  0.069    -0.025  0.060    -0.035  0.058
  1955     2    -0.207  0.100    -0.083  0.077    -0.049  0.068    -0.021  0.060    -0.036  0.057
  1955     3    -0.341  0.121    -0.081  0.082    -0.050  0.067    -0.023  0.060    -0.037  0.057
  1955     4    -0.224  0.135    -0.090  0.080    -0.050  0.065    -0.022  0.059    -0.038  0.056
  1955     5    -0.214  0.133    -0.121  0.082    -0.048  0.065    -0.023  0.058    -0.038  0.056
  1955     6    -0.122  0.145    -0.137  0.086    -0.046  0.065    -0.022  0.057    -0.039  0.055
  1955     7    -0.157  0.086    -0.159  0.088    -0.042  0.066    -0.022  0.057    -0.039  0.055
  1955     8     0.151  0.164    -0.161  0.089    -0.043  0.066    -0.021  0.057    -0.041  0.054
  1955     9    -0.091  0.185    -0.158  0.091    -0.043  0.066    -0.020  0.056    -0.042  0.054
  1955    10    -0.038  0.103    -0.161  0.090    -0.047  0.065    -0.018  0.056    -0.043  0.054
  1955    11    -0.266  0.097    -0.166  0.084    -0.051  0.064    -0.017  0.056    -0.043  0.053
  1955    12    -0.279  0.137    -0.172  0.080    -0.056  0.064    -0.014  0.056    -0.043  0.053
  1956     1    -0.125  0.126    -0.168  0.078    -0.057  0.064    -0.011  0.056    -0.043  0.053
  1956     2    -0.232  0.109    -0.204  0.073    -0.060  0.064    -0.006  0.056    -0.043  0.053
  1956     3    -0.295  0.129    -0.217  0.072    -0.063  0.063    -0.004  0.056    -0.043  0.053
  1956     4    -0.271  0.110    -0.231  0.070    -0.064  0.063    -0.002  0.055    -0.043  0.053
  1956     5    -0.264  0.113    -0.224  0.072    -0.064  0.061    -0.002  0.055    -0.044  0.053
  1956     6    -0.194  0.119    -0.203  0.069    -0.065  0.060    -0.001  0.056    -0.043  0.053
  1956     7    -0.112  0.095    -0.205  0.068    -0.061  0.060    -0.002  0.056    -0.042  0.052
  1956     8    -0.282  0.112    -0.195  0.066    -0.061  0.060    -0.002  0.055    -0.042  0.053
  1956     9    -0.242  0.104    -0.182  0.061    -0.058  0.060    -0.003  0.055    -0.042  0.052
  1956    10    -0.207  0.084    -0.160  0.061    -0.053  0.060    -0.005  0.055    -0.042  0.052
  1956    11    -0.185  0.093    -0.128  0.061    -0.050  0.060    -0.005  0.055    -0.042  0.052
  1956    12    -0.023  0.083    -0.098  0.065    -0.049  0.060    -0.008  0.054    -0.041  0.051
  1957     1    -0.155  0.113    -0.088  0.074    -0.047  0.060    -0.009  0.054    -0.042  0.051
  1957     2    -0.109  0.097    -0.055  0.080    -0.046  0.060    -0.009  0.054    -0.043  0.051
  1957     3    -0.135  0.075    -0.031  0.082    -0.045  0.060    -0.008  0.053    -0.043  0.050
  1957     4    -0.009  0.101    -0.005  0.082    -0.046  0.059    -0.008  0.053    -0.043  0.050
  1957     5     0.118  0.113     0.017  0.083    -0.050  0.059    -0.010  0.053    -0.043  0.050
  1957     6     0.170  0.135     0.029  0.082    -0.048  0.059    -0.011  0.052    -0.043  0.050
  1957     7     0.000  0.174     0.067  0.080    -0.051  0.059    -0.013  0.052    -0.043  0.049
  1957     8     0.118  0.103     0.088  0.076    -0.047  0.058    -0.014  0.051    -0.043  0.049
  1957     9     0.045  0.119     0.105  0.079    -0.047  0.058    -0.016  0.051    -0.042  0.049
  1957    10     0.107  0.074     0.106  0.076    -0.046  0.057    -0.017  0.050    -0.043  0.048
  1957    11     0.074  0.067     0.099  0.072    -0.044  0.056    -0.016  0.050    -0.043  0.048
  1957    12     0.121  0.040     0.080  0.064    -0.043  0.055    -0.016  0.050    -0.043  0.047
  1958     1     0.299  0.085     0.083  0.056    -0.040  0.055    -0.017  0.050    -0.044  0.047
  1958     2     0.146  0.062     0.071  0.054    -0.042  0.053    -0.018  0.050    -0.044  0.046
  1958     3     0.077  0.091     0.060  0.047    -0.040  0.053    -0.021  0.050    -0.043  0.046
  1958     4    -0.006  0.074     0.056  0.046    -0.039  0.054    -0.024  0.049    -0.043  0.045
  1958     5     0.033  0.072     0.052  0.041    -0.037  0.054    -0.027  0.049    -0.044  0.045
  1958     6    -0.049  0.068     0.047  0.041    -0.029  0.054    -0.029  0.049    -0.044  0.045
  1958     7     0.028  0.080     0.026  0.041    -0.027  0.053    -0.029  0.049    -0.045  0.044
  1958     8    -0.025  0.070     0.012  0.045    -0.021  0.052    -0.028  0.049    -0.045  0.045
  1958     9    -0.081  0.049     0.014  0.048    -0.016  0.051    -0.027  0.049    -0.045  0.045
  1958    10     0.056  0.070     0.026  0.048    -0.009  0.050    -0.027  0.049    -0.045  0.044
  1958    11     0.024  0.072     0.027  0.050    -0.002  0.050    -0.026  0.048    -0.045  0.044
  1958    12     0.060  0.047     0.037  0.053     0.004  0.049    -0.026  0.048    -0.044  0.043
  1959     1     0.049  0.067     0.040  0.055     0.006  0.050    -0.026  0.047    -0.045  0.043
  1959     2    -0.016  0.082     0.042  0.050     0.011  0.050    -0.026  0.047    -0.045  0.043
  1959     3     0.093  0.115     0.043  0.051     0.015  0.049    -0.029  0.047    -0.044  0.043
  1959     4     0.138  0.082     0.040  0.049     0.019  0.050    -0.030  0.047    -0.043  0.043
  1959     5     0.044  0.099     0.027  0.050     0.023  0.050    -0.032  0.046    -0.042  0.042
  1959     6     0.073  0.086     0.023  0.052     0.021  0.049    -0.032  0.046    -0.041  0.042
  1959     7     0.062  0.081     0.015  0.052     0.024  0.048    -0.032  0.046    -0.041  0.042
  1959     8    -0.002  0.070     0.023  0.051     0.027  0.047    -0.033  0.046    -0.041  0.041
  1959     9    -0.066  0.077    -0.015  0.049     0.031  0.047    -0.035  0.046    -0.040  0.041
  1959    10     0.021  0.075    -0.043  0.049     0.032  0.046    -0.038  0.046    -0.039  0.040
  1959    11    -0.138  0.050    -0.054  0.050     0.027  0.045    -0.041  0.046    -0.039  0.040
  1959    12     0.011  0.060    -0.061  0.050     0.024  0.044    -0.042  0.046    -0.037  0.040
  1960     1    -0.046  0.087    -0.068  0.052     0.023  0.042    -0.044  0.046    -0.035  0.040
  1960     2     0.082  0.073    -0.064  0.051     0.020  0.040    -0.044  0.045    -0.033  0.039
  1960     3    -0.358  0.077    -0.057  0.055     0.019  0.039    -0.043  0.045    -0.033  0.039
  1960     4    -0.194  0.086    -0.054  0.056     0.017  0.039    -0.043  0.044    -0.032  0.039
  1960     5    -0.088  0.097    -0.056  0.056     0.016  0.038    -0.042  0.043    -0.032  0.038
  1960     6    -0.017  0.063    -0.043  0.056     0.014  0.039    -0.042  0.043    -0.032  0.038
  1960     7    -0.025  0.080    -0.035  0.053     0.008  0.038    -0.042  0.042    -0.031  0.038
  1960     8     0.046  0.078    -0.032  0.054     0.007  0.039    -0.044  0.041    -0.032  0.037
  1960     9     0.028  0.078    -0.002  0.052     0.001  0.038    -0.044  0.041    -0.031  0.037
  1960    10     0.047  0.092     0.025  0.052    -0.001  0.038    -0.044  0.042    -0.030  0.036
  1960    11    -0.163  0.091     0.044  0.051    -0.003  0.037    -0.042  0.042    -0.029  0.036
  1960    12     0.178  0.099     0.059  0.049    -0.002  0.038    -0.040  0.041    -0.029  0.036
  1961     1     0.039  0.071     0.064  0.048    -0.000  0.037    -0.041  0.040    -0.028  0.036
  1961     2     0.126  0.079     0.064  0.048     0.005  0.037    -0.040  0.040    -0.027  0.036
  1961     3    -0.002  0.080     0.062  0.047     0.009  0.038    -0.038  0.039    -0.027  0.035
  1961     4     0.131  0.083     0.060  0.049     0.011  0.038    -0.036  0.039    -0.027  0.035
  1961     5     0.142  0.087     0.075  0.046     0.013  0.039    -0.035  0.039    -0.028  0.035
  1961     6     0.165  0.074     0.050  0.041     0.013  0.039    -0.033  0.039    -0.029  0.035
  1961     7     0.028  0.077     0.048  0.041     0.010  0.039    -0.031  0.039    -0.030  0.035
  1961     8     0.044  0.073     0.046  0.039     0.008  0.039    -0.029  0.039    -0.031  0.035
  1961     9     0.007  0.090     0.054  0.039     0.001  0.038    -0.027  0.039    -0.031  0.035
  1961    10     0.030  0.094     0.045  0.036    -0.008  0.038    -0.027  0.039    -0.033  0.034
  1961    11     0.018  0.072     0.021  0.034    -0.013  0.037    -0.026  0.039    -0.033  0.034
  1961    12    -0.132  0.060     0.004  0.037    -0.015  0.037    -0.026  0.038    -0.034  0.034
  1962     1     0.024  0.048    -0.002  0.038    -0.017  0.037    -0.025  0.038    -0.036  0.033
  1962     2     0.097  0.075    -0.010  0.038    -0.020  0.038    -0.027  0.038    -0.038  0.033
  1962     3     0.094  0.090    -0.015  0.039    -0.024  0.039    -0.026  0.038    -0.038  0.033
  1962     4     0.018  0.068    -0.017  0.039    -0.029  0.040    -0.026  0.038    -0.038  0.033
  1962     5    -0.147  0.090    -0.018  0.040    -0.031  0.040    -0.026  0.038    -0.038  0.032
  1962     6    -0.037  0.085    -0.008  0.045    -0.037  0.040    -0.028  0.037    -0.038  0.032
  1962     7    -0.046  0.051    -0.015  0.047    -0.037  0.039    -0.028  0.037    -0.039  0.032
  1962     8    -0.044  0.078    -0.015  0.047    -0.042  0.039    -0.029  0.037    -0.039  0.031
  1962     9    -0.051  0.083    -0.045  0.042    -0.039  0.040    -0.030  0.036    -0.039  0.031
  1962    10    -0.002  0.089    -0.056  0.046    -0.040  0.040    -0.030  0.036    -0.039  0.031
  1962    11     0.013  0.053    -0.052  0.046    -0.040  0.040    -0.032  0.036    -0.039  0.031
  1962    12    -0.017  0.076    -0.049  0.046    -0.042  0.040    -0.033  0.036    -0.038  0.031
  1963     1    -0.052  0.044    -0.034  0.048    -0.043  0.040    -0.038  0.036    -0.037  0.031
  1963     2     0.095  0.069    -0.008  0.050    -0.045  0.040    -0.041  0.036    -0.037  0.031
  1963     3    -0.271  0.056     0.011  0.053    -0.049  0.039    -0.041  0.035    -0.037  0.030
  1963     4    -0.114  0.101     0.026  0.051    -0.049  0.039    -0.042  0.035    -0.037  0.030
  1963     5    -0.095  0.061     0.036  0.054    -0.048  0.039    -0.044  0.035    -0.037  0.030
  1963     6    -0.002  0.077     0.042  0.055    -0.051  0.038    -0.043  0.035    -0.037  0.029
  1963     7     0.129  0.055     0.037  0.055    -0.055  0.039    -0.045  0.034    -0.037  0.029
  1963     8     0.277  0.098     0.016  0.056    -0.058  0.039    -0.045  0.035    -0.037  0.029
  1963     9     0.169  0.097     0.011  0.058    -0.060  0.040    -0.046  0.035    -0.038  0.028
  1963    10     0.175  0.057    -0.009  0.054    -0.063  0.041    -0.046  0.035    -0.038  0.028
  1963    11     0.136  0.073    -0.025  0.057    -0.067  0.041    -0.047  0.035    -0.038  0.027
  1963    12     0.057  0.068    -0.028  0.057    -0.069  0.043    -0.048  0.036    -0.038  0.027
  1964     1    -0.107  0.068    -0.044  0.059    -0.068  0.044    -0.050  0.036    -0.038  0.027
  1964     2    -0.157  0.069    -0.083  0.060    -0.070  0.044    -0.051  0.036    -0.039  0.027
  1964     3    -0.336  0.085    -0.124  0.061    -0.070  0.044    -0.052  0.036    -0.040  0.027
  1964     4    -0.355  0.059    -0.161  0.065    -0.073  0.044    -0.053  0.036    -0.040  0.027
  1964     5    -0.288  0.072    -0.194  0.064    -0.074  0.045    -0.052  0.036    -0.039  0.026
  1964     6    -0.039  0.080    -0.224  0.061    -0.072  0.045    -0.052  0.036    -0.040  0.026
  1964     7    -0.063  0.128    -0.223  0.061    -0.075  0.045    -0.052  0.036    -0.040  0.026
  1964     8    -0.192  0.109    -0.225  0.063    -0.081  0.045    -0.052  0.036    -0.039  0.026
  1964     9    -0.319  0.089    -0.214  0.062    -0.083  0.045    -0.051  0.036    -0.038  0.026
  1964    10    -0.265  0.102    -0.203  0.064    -0.084  0.046    -0.051  0.036    -0.039  0.025
  1964    11    -0.264  0.070    -0.188  0.063    -0.080  0.046    -0.049  0.036    -0.040  0.025
  1964    12    -0.301  0.076    -0.194  0.062    -0.080  0.046    -0.047  0.036    -0.040  0.025
  1965     1    -0.094  0.049    -0.199  0.058    -0.079  0.047    -0.046  0.036    -0.041  0.025
  1965     2    -0.189  0.096    -0.189  0.056    -0.078  0.047    -0.046  0.036    -0.039  0.025
  1965     3    -0.198  0.075    -0.178  0.053    -0.078  0.047    -0.043  0.036    -0.038  0.025
  1965     4    -0.227  0.078    -0.154  0.051    -0.077  0.047    -0.041  0.036    -0.036  0.024
  1965     5    -0.107  0.091    -0.138  0.050    -0.079  0.047    -0.041  0.036    -0.035  0.024
  1965     6    -0.111  0.071    -0.116  0.050    -0.080  0.047    -0.041  0.036    -0.034  0.023
  1965     7    -0.126  0.067    -0.123  0.049    -0.084  0.047    -0.040  0.035    -0.034  0.023
  1965     8    -0.072  0.097    -0.114  0.047    -0.089  0.047    -0.042  0.035    -0.035  0.023
  1965     9    -0.178  0.054    -0.104  0.042    -0.083  0.047    -0.042  0.034    -0.035  0.022
  1965    10     0.015  0.065    -0.091  0.042    -0.083  0.046    -0.042  0.034    -0.035  0.022
  1965    11    -0.068  0.073    -0.092  0.044    -0.084  0.046    -0.041  0.034    -0.035  0.022
  1965    12    -0.036  0.057    -0.080  0.045    -0.085  0.046    -0.044  0.034    -0.034  0.022
  1966     1    -0.178  0.033    -0.061  0.052    -0.090  0.046    -0.045  0.033    -0.034  0.021
  1966     2    -0.080  0.062    -0.058  0.050    -0.096  0.046    -0.048  0.033    -0.034  0.021
  1966     3    -0.080  0.059    -0.045  0.049    -0.101  0.046    -0.050  0.034    -0.034  0.021
  1966     4    -0.068  0.081    -0.057  0.049    -0.103  0.045    -0.052  0.034    -0.033  0.021
  1966     5    -0.116  0.093    -0.056  0.050    -0.107  0.045    -0.054  0.034    -0.033  0.021
  1966     6     0.029  0.092    -0.056  0.050    -0.110  0.045    -0.056  0.034    -0.033  0.021
  1966     7     0.097  0.157    -0.051  0.054    -0.110  0.045    -0.058  0.034    -0.032  0.020
  1966     8    -0.032  0.104    -0.067  0.053    -0.110  0.046    -0.059  0.034    -0.032  0.020
  1966     9    -0.018  0.096    -0.064  0.052    -0.105  0.045    -0.059  0.034    -0.031  0.020
  1966    10    -0.138  0.073    -0.063  0.054    -0.098  0.045    -0.060  0.033    -0.031  0.020
  1966    11    -0.052  0.065    -0.041  0.056    -0.090  0.044    -0.061  0.033    -0.030  0.020
  1966    12    -0.033  0.037    -0.047  0.060    -0.088  0.044    -0.061  0.033    -0.030  0.020
  1967     1    -0.121  0.089    -0.054  0.060    -0.088  0.044    -0.064  0.034    -0.028  0.020
  1967     2    -0.271  0.061    -0.052  0.057    -0.084  0.043    -0.067  0.033    -0.027  0.020
  1967     3    -0.047  0.066    -0.055  0.059    -0.078  0.042    -0.068  0.033    -0.025  0.020
  1967     4    -0.054  0.087    -0.040  0.061    -0.072  0.042    -0.068  0.033    -0.024  0.020
  1967     5     0.149  0.107    -0.045  0.061    -0.067  0.041    -0.067  0.032    -0.024  0.020
  1967     6    -0.043  0.126    -0.048  0.060    -0.058  0.042    -0.066  0.032    -0.023  0.019
  1967     7     0.014  0.132    -0.059  0.058    -0.055  0.042    -0.065  0.032    -0.022  0.019
  1967     8    -0.011  0.066    -0.054  0.058    -0.050  0.042    -0.063  0.031    -0.021  0.019
  1967     9    -0.053  0.074    -0.045  0.058    -0.047  0.041    -0.062  0.031    -0.021  0.019
  1967    10     0.041  0.077    -0.050  0.054    -0.042  0.041    -0.062  0.030    -0.021  0.019
  1967    11    -0.117  0.053    -0.076  0.052    -0.041  0.040    -0.062  0.030    -0.020  0.019
  1967    12    -0.065  0.044    -0.075  0.048    -0.040  0.039    -0.060  0.030    -0.021  0.019
  1968     1    -0.257  0.062    -0.090  0.043    -0.038  0.039    -0.058  0.030    -0.022  0.019
  1968     2    -0.211  0.053    -0.096  0.047    -0.039  0.038    -0.056  0.029    -0.022  0.019
  1968     3     0.065  0.055    -0.105  0.045    -0.035  0.037    -0.053  0.029    -0.021  0.019
  1968     4    -0.115  0.072    -0.102  0.044    -0.035  0.037    -0.050  0.029    -0.021  0.019
  1968     5    -0.156  0.090    -0.101  0.044    -0.035  0.037    -0.047  0.029    -0.020  0.019
  1968     6    -0.041  0.080    -0.105  0.045    -0.036  0.037    -0.045  0.029    -0.020  0.018
  1968     7    -0.158  0.070    -0.092  0.048    -0.035  0.036    -0.045  0.028    -0.019  0.018
  1968     8    -0.083  0.122    -0.088  0.048    -0.038  0.035    -0.047  0.028    -0.020  0.018
  1968     9    -0.161  0.049    -0.100  0.046    -0.041  0.035    -0.048  0.028    -0.019  0.018
  1968    10     0.073  0.061    -0.082  0.048    -0.041  0.034    -0.049  0.028    -0.019  0.018
  1968    11    -0.104  0.071    -0.055  0.045    -0.041  0.034    -0.050  0.028    -0.019  0.018
  1968    12    -0.109  0.038    -0.045  0.046    -0.043  0.033    -0.050  0.028    -0.018  0.018
  1969     1    -0.111  0.097    -0.035  0.046    -0.047  0.032    -0.051  0.027    -0.018  0.018
  1969     2    -0.162  0.051    -0.027  0.039    -0.048  0.031    -0.052  0.027    -0.018  0.018
  1969     3    -0.077  0.056    -0.010  0.037    -0.049  0.030    -0.051  0.027    -0.018  0.018
  1969     4     0.106  0.064    -0.008  0.039    -0.048  0.030    -0.049  0.026    -0.018  0.018
  1969     5     0.162  0.047     0.007  0.039    -0.048  0.030    -0.047  0.026    -0.018  0.018
  1969     6     0.086  0.092     0.036  0.041    -0.050  0.029    -0.047  0.026    -0.018  0.018
  1969     7    -0.038  0.072     0.052  0.040    -0.052  0.028    -0.047  0.026    -0.018  0.018
  1969     8     0.005  0.099     0.075  0.041    -0.052  0.028    -0.044  0.026    -0.017  0.018
  1969     9     0.044  0.086     0.080  0.042    -0.052  0.028    -0.042  0.025    -0.016  0.018
  1969    10     0.100  0.055     0.074  0.038    -0.051  0.027    -0.040  0.025    -0.015  0.018
  1969    11     0.075  0.068     0.058  0.036    -0.054  0.026    -0.039  0.025    -0.013  0.018
  1969    12     0.238  0.067     0.048  0.031    -0.051  0.025    -0.037  0.025    -0.011  0.018
  1970     1     0.090  0.056     0.052  0.029    -0.052  0.024    -0.037  0.025    -0.009  0.018
  1970     2     0.109  0.036     0.040  0.028    -0.049  0.024    -0.034  0.025    -0.008  0.018
  1970     3    -0.022  0.054     0.041  0.028    -0.047  0.024    -0.032  0.025    -0.005  0.018
  1970     4     0.035  0.068     0.034  0.029    -0.046  0.024    -0.030  0.025    -0.002  0.018
  1970     5    -0.031  0.074     0.021  0.028    -0.045  0.024    -0.028  0.025    -0.000  0.018
  1970     6    -0.028  0.064    -0.010  0.027    -0.040  0.024    -0.027  0.024     0.001  0.018
  1970     7     0.003  0.103    -0.024  0.026    -0.032  0.024    -0.026  0.024     0.002  0.018
  1970     8    -0.131  0.095    -0.053  0.027    -0.024  0.024    -0.026  0.025     0.004  0.018
  1970     9     0.052  0.078    -0.073  0.029    -0.022  0.024    -0.025  0.025     0.004  0.018
  1970    10     0.018  0.057    -0.086  0.029    -0.016  0.023    -0.026  0.025     0.005  0.018
  1970    11    -0.075  0.028    -0.089  0.031    -0.010  0.023    -0.028  0.025     0.007  0.018
  1970    12    -0.134  0.056    -0.097  0.034    -0.006  0.023    -0.028  0.026     0.007  0.018
  1971     1    -0.087  0.067    -0.108  0.034    -0.001  0.023    -0.028  0.026     0.009  0.018
  1971     2    -0.239  0.044    -0.106  0.034     0.002  0.024    -0.028  0.025     0.010  0.019
  1971     3    -0.260  0.080    -0.115  0.033     0.005  0.025    -0.030  0.026     0.012  0.019
  1971     4    -0.122  0.060    -0.121  0.032     0.005  0.026    -0.030  0.025     0.012  0.019
  1971     5    -0.067  0.059    -0.123  0.033     0.007  0.027    -0.031  0.025     0.013  0.019
  1971     6    -0.123  0.109    -0.123  0.035     0.009  0.028    -0.033  0.026     0.014  0.019
  1971     7    -0.122  0.111    -0.139  0.037     0.008  0.029    -0.034  0.025     0.015  0.019
  1971     8    -0.117  0.079    -0.140  0.038     0.005  0.030    -0.034  0.025     0.016  0.019
  1971     9    -0.054  0.068    -0.121  0.035     0.004  0.031    -0.034  0.025     0.017  0.019
  1971    10    -0.058  0.037    -0.112  0.035    -0.000  0.031    -0.035  0.025     0.018  0.019
  1971    11    -0.095  0.044    -0.106  0.035    -0.004  0.031    -0.035  0.025     0.019  0.019
  1971    12    -0.137  0.051    -0.088  0.036    -0.006  0.032    -0.033  0.025     0.022  0.019
  1972     1    -0.273  0.069    -0.077  0.030    -0.006  0.033    -0.030  0.025     0.022  0.020
  1972     2    -0.249  0.027    -0.054  0.029    -0.004  0.032    -0.027  0.025     0.022  0.020
  1972     3    -0.034  0.051    -0.045  0.035    -0.006  0.032    -0.025  0.025     0.021  0.020
  1972     4    -0.011  0.054    -0.034  0.038    -0.008  0.032    -0.023  0.026     0.022  0.020
  1972     5    -0.001  0.067    -0.028  0.041    -0.011  0.032    -0.021  0.026     0.023  0.020
  1972     6     0.094  0.068     0.003  0.042    -0.017  0.033    -0.018  0.026     0.024  0.020
  1972     7     0.010  0.074     0.044  0.041    -0.019  0.034    -0.016  0.025     0.025  0.019
  1972     8     0.164  0.096     0.086  0.043    -0.019  0.034    -0.014  0.026     0.025  0.019
  1972     9     0.053  0.119     0.103  0.043    -0.018  0.035    -0.012  0.026     0.026  0.019
  1972    10     0.069  0.081     0.124  0.042    -0.017  0.035    -0.012  0.027     0.027  0.019
  1972    11    -0.016  0.053     0.143  0.042    -0.014  0.036    -0.009  0.027     0.027  0.019
  1972    12     0.226  0.048     0.154  0.043    -0.014  0.037    -0.008  0.027     0.029  0.019
  1973     1     0.229  0.050     0.164  0.044    -0.014  0.037    -0.005  0.027     0.031  0.019
  1973     2     0.244  0.063     0.155  0.043    -0.014  0.037    -0.002  0.027     0.032  0.019
  1973     3     0.171  0.054     0.155  0.039    -0.016  0.037    -0.002  0.026     0.035  0.019
  1973     4     0.246  0.042     0.155  0.039    -0.018  0.038     0.000  0.026     0.036  0.019
  1973     5     0.228  0.047     0.159  0.042    -0.021  0.039     0.003  0.026     0.038  0.019
  1973     6     0.225  0.060     0.138  0.045    -0.020  0.039     0.004  0.026     0.040  0.019
  1973     7     0.130  0.087     0.104  0.046    -0.020  0.040     0.006  0.026     0.040  0.018
  1973     8     0.060  0.100     0.057  0.050    -0.019  0.040     0.006  0.025     0.040  0.018
  1973     9     0.048  0.111     0.030  0.051    -0.019  0.039     0.008  0.026     0.041  0.018
  1973    10     0.072  0.115    -0.001  0.055    -0.019  0.040     0.008  0.026     0.041  0.018
  1973    11     0.025  0.094    -0.026  0.058    -0.022  0.040     0.010  0.026     0.042  0.018
  1973    12    -0.016  0.066    -0.045  0.060    -0.022  0.040     0.012  0.026     0.043  0.018
  1974     1    -0.181  0.075    -0.061  0.065    -0.020  0.038     0.014  0.027     0.044  0.018
  1974     2    -0.326  0.083    -0.056  0.063    -0.020  0.038     0.014  0.027     0.045  0.018
  1974     3    -0.151  0.069    -0.064  0.057    -0.020  0.038     0.016  0.027     0.047  0.018
  1974     4    -0.129  0.056    -0.075  0.053    -0.022  0.038     0.016  0.027     0.049  0.018
  1974     5    -0.063  0.081    -0.085  0.048    -0.021  0.039     0.016  0.027     0.052  0.017
  1974     6    -0.010  0.054    -0.093  0.047    -0.017  0.039     0.016  0.027     0.053  0.017
  1974     7    -0.063  0.113    -0.078  0.046    -0.008  0.038     0.017  0.026     0.053  0.017
  1974     8     0.124  0.089    -0.045  0.046    -0.001  0.038     0.018  0.026     0.055  0.017
  1974     9    -0.048  0.075    -0.026  0.046     0.002  0.038     0.020  0.026     0.057  0.017
  1974    10    -0.059  0.051    -0.010  0.044     0.006  0.038     0.022  0.026     0.059  0.017
  1974    11    -0.104  0.056     0.006  0.043     0.011  0.038     0.023  0.026     0.060  0.017
  1974    12    -0.105  0.086     0.009  0.047     0.015  0.038     0.025  0.026     0.061  0.017
  1975     1    -0.003  0.056     0.014  0.043     0.019  0.037     0.028  0.026     0.063  0.017
  1975     2     0.068  0.051    -0.011  0.043     0.021  0.038     0.030  0.027     0.063  0.017
  1975     3     0.077  0.059    -0.011  0.045     0.022  0.037     0.033  0.027     0.065  0.017
  1975     4     0.061  0.061    -0.015  0.046     0.023  0.036     0.036  0.027     0.066  0.017
  1975     5     0.139  0.076    -0.025  0.048     0.026  0.036     0.040  0.027     0.067  0.017
  1975     6     0.018  0.103    -0.026  0.051     0.024  0.035     0.042  0.027     0.068  0.017
  1975     7    -0.007  0.095    -0.032  0.052     0.022  0.035     0.045  0.027     0.069  0.017
  1975     8    -0.168  0.084    -0.051  0.049     0.020  0.035     0.049  0.026     0.070  0.017
  1975     9    -0.046  0.102    -0.081  0.049     0.019  0.034     0.051  0.026     0.071  0.017
  1975    10    -0.106  0.077    -0.097  0.049     0.017  0.035     0.052  0.026     0.072  0.017
  1975    11    -0.233  0.073    -0.129  0.047     0.016  0.035     0.055  0.026     0.072  0.017
  1975    12    -0.114  0.089    -0.139  0.043     0.013  0.034     0.058  0.026     0.073  0.017
  1976     1    -0.077  0.074    -0.141  0.038     0.013  0.033     0.063  0.026     0.075  0.017
  1976     2    -0.152  0.056    -0.135  0.033     0.010  0.032     0.068  0.026     0.077  0.017
  1976     3    -0.292  0.061    -0.133  0.029     0.011  0.031     0.073  0.025     0.078  0.017
  1976     4    -0.124  0.063    -0.141  0.028     0.010  0.030     0.077  0.025     0.080  0.017
  1976     5    -0.252  0.071    -0.127  0.028     0.013  0.029     0.079  0.026     0.082  0.017
  1976     6    -0.101  0.051    -0.107  0.027     0.015  0.028     0.084  0.025     0.083  0.017
  1976     7    -0.027  0.057    -0.080  0.029     0.020  0.028     0.088  0.024     0.083  0.017
  1976     8    -0.101  0.066    -0.051  0.033     0.024  0.027     0.092  0.024     0.084  0.017
  1976     9    -0.020  0.049    -0.014  0.036     0.029  0.026     0.094  0.024     0.084  0.017
  1976    10    -0.203  0.050     0.015  0.039     0.033  0.026     0.097  0.024     0.086  0.017
  1976    11    -0.060  0.074     0.062  0.039     0.036  0.025     0.099  0.025     0.086  0.017
  1976    12     0.128  0.063     0.097  0.038     0.038  0.025     0.104  0.024     0.087  0.017
  1977     1     0.239  0.085     0.121  0.036     0.040  0.023     0.107  0.024     0.089  0.017
  1977     2     0.197  0.092     0.152  0.037     0.041  0.023     0.111  0.024     0.092  0.018
  1977     3     0.155  0.065     0.163  0.038     0.046  0.022     0.110  0.024     0.093  0.018
  1977     4     0.227  0.049     0.190  0.036     0.051  0.022     0.111  0.024     0.094  0.018
  1977     5     0.309  0.083     0.212  0.030     0.058  0.023     0.112  0.024     0.094  0.018
  1977     6     0.323  0.044     0.209  0.025     0.068  0.023     0.113  0.024     0.096  0.018
  1977     7     0.253  0.068     0.195  0.024     0.074  0.023     0.114  0.023     0.098  0.018
  1977     8     0.276  0.068     0.190  0.025     0.080  0.023     0.114  0.023     0.099  0.018
  1977     9     0.107  0.081     0.187  0.026     0.084  0.023     0.114  0.022     0.101  0.018
  1977    10     0.130  0.035     0.180  0.027     0.090  0.023     0.115  0.022     0.102  0.018
  1977    11     0.194  0.033     0.166  0.027     0.094  0.022     0.116  0.022     0.104  0.018
  1977    12     0.093  0.056     0.143  0.024     0.098  0.022     0.118  0.022     0.106  0.018
  1978     1     0.072  0.056     0.134  0.025     0.104  0.021     0.120  0.022     0.109  0.018
  1978     2     0.138  0.040     0.100  0.023     0.112  0.020     0.121  0.022     0.111  0.018
  1978     3     0.127  0.054     0.099  0.019     0.117  0.019     0.122  0.021     0.113  0.018
  1978     4     0.135  0.051     0.093  0.017     0.122  0.019     0.123  0.022     0.115  0.017
  1978     5     0.150  0.060     0.089  0.018     0.130  0.019     0.124  0.021     0.118  0.017
  1978     6     0.039  0.053     0.091  0.018     0.135  0.019     0.124  0.021     0.119  0.017
  1978     7     0.149  0.081     0.095  0.017     0.145  0.018     0.125  0.021     0.122  0.017
  1978     8    -0.139  0.049     0.076  0.016     0.154  0.019     0.128  0.020     0.124  0.017
  1978     9     0.107  0.048     0.078  0.016     0.166  0.019     0.130  0.020     0.126  0.017
  1978    10     0.047  0.062     0.078  0.017     0.173  0.019     0.132  0.020     0.127  0.017
  1978    11     0.148  0.048     0.073  0.018     0.181  0.019     0.134  0.019     0.128  0.017
  1978    12     0.123  0.053     0.079  0.022     0.189  0.019     0.136  0.019     0.130  0.017
  1979     1     0.118  0.039     0.072  0.021     0.196  0.018     0.139  0.019     0.130  0.017
  1979     2    -0.087  0.029     0.098  0.022     0.204  0.019     0.143  0.019     0.132  0.017
  1979     3     0.145  0.039     0.110  0.023     0.208  0.019     0.146  0.019     0.134  0.017
  1979     4     0.140  0.058     0.130  0.021     0.215  0.019     0.148  0.019     0.134  0.017
  1979     5     0.081  0.040     0.140  0.023     0.220  0.019     0.151  0.018     0.134  0.018
  1979     6     0.122  0.047     0.172  0.026     0.226  0.019     0.152  0.018     0.135  0.017
  1979     7     0.064  0.057     0.192  0.029     0.223  0.020     0.153  0.018     0.136  0.017
  1979     8     0.167  0.082     0.235  0.034     0.222  0.020     0.154  0.018     0.137  0.017
  1979     9     0.253  0.091     0.250  0.035     0.218  0.020     0.156  0.018     0.139  0.017
  1979    10     0.287  0.055     0.272  0.036     0.216  0.020     0.158  0.018     0.140  0.017
  1979    11     0.263  0.054     0.298  0.038     0.213  0.019     0.159  0.018     0.140  0.016
  1979    12     0.510  0.054     0.310  0.039     0.210  0.020     0.160  0.018     0.141  0.016
  1980     1     0.357  0.076     0.334  0.042     0.209  0.019     0.162  0.018     0.142  0.016
  1980     2     0.427  0.084     0.347  0.042     0.206  0.019     0.161  0.018     0.143  0.016
  1980     3     0.334  0.058     0.346  0.038     0.207  0.019     0.161  0.018     0.146  0.016
  1980     4     0.399  0.063     0.337  0.038     0.208  0.019     0.162  0.017     0.148  0.017
  1980     5     0.393  0.060     0.337  0.036     0.206  0.019     0.162  0.017     0.151  0.016
  1980     6     0.264  0.058     0.312  0.036     0.212  0.020     0.163  0.018     0.152  0.016
  1980     7     0.356  0.082     0.325  0.034     0.218  0.020     0.163  0.018     0.154  0.016
  1980     8     0.323  0.065     0.322  0.032     0.222  0.020     0.166  0.018     0.156  0.016
  1980     9     0.239  0.036     0.329  0.032     0.226  0.020     0.168  0.018     0.158  0.016
  1980    10     0.184  0.077     0.320  0.031     0.228  0.020     0.170  0.018     0.159  0.016
  1980    11     0.264  0.040     0.307  0.029     0.232  0.021     0.172  0.018     0.161  0.016
  1980    12     0.210  0.056     0.316  0.027     0.236  0.022     0.175  0.018     0.164  0.016
  1981     1     0.512  0.043     0.317  0.022     0.237  0.022     0.177  0.018     0.166  0.016
  1981     2     0.386  0.053     0.323  0.021     0.245  0.023     0.182  0.018     0.169  0.016
  1981     3     0.414  0.048     0.324  0.021     0.250  0.022     0.186  0.018     0.171  0.016
  1981     4     0.294  0.030     0.326  0.021     0.253  0.022     0.190  0.018     0.174  0.016
  1981     5     0.241  0.053     0.322  0.023     0.255  0.023     0.196  0.018     0.176  0.016
  1981     6     0.372  0.057     0.344  0.025     0.256  0.023     0.198  0.018     0.179  0.016
  1981     7     0.365  0.030     0.309  0.029     0.258  0.024     0.199  0.018     0.182  0.015
  1981     8     0.394  0.039     0.287  0.026     0.261  0.024     0.202  0.018     0.184  0.015
  1981     9     0.249  0.066     0.248  0.026     0.263  0.024     0.203  0.017     0.186  0.015
  1981    10     0.209  0.068     0.228  0.028     0.263  0.023     0.206  0.017     0.188  0.015
  1981    11     0.225  0.056     0.222  0.027     0.267  0.023     0.207  0.017     0.190  0.015
  1981    12     0.474  0.069     0.203  0.028     0.266  0.023     0.208  0.017     0.192  0.015
  1982     1     0.088  0.057     0.189  0.028     0.267  0.024     0.208  0.017     0.195  0.015
  1982     2     0.126  0.051     0.163  0.027     0.267  0.024     0.210  0.017     0.198  0.015
  1982     3    -0.060  0.045     0.155  0.026     0.267  0.024     0.210  0.017     0.200  0.015
  1982     4     0.053  0.057     0.153  0.028     0.265  0.023     0.210  0.017     0.201  0.015
  1982     5     0.171  0.052     0.144  0.030     0.261  0.023     0.209  0.016     0.202  0.015
  1982     6     0.145  0.050     0.138  0.032     0.251  0.022     0.210  0.016     0.203  0.015
  1982     7     0.191  0.074     0.167  0.033     0.250  0.022     0.212  0.016     0.204  0.015
  1982     8     0.085  0.067     0.190  0.031     0.242  0.021     0.212  0.016     0.204  0.015
  1982     9     0.157  0.038     0.224  0.032     0.238  0.021     0.214  0.016     0.204  0.015
  1982    10     0.185  0.077     0.243  0.030     0.234  0.020     0.216  0.016     0.204  0.015
  1982    11     0.114  0.059     0.260  0.030     0.230  0.020     0.216  0.016     0.204  0.014
  1982    12     0.404  0.045     0.271  0.029     0.228  0.020     0.220  0.016     0.204  0.014
  1983     1     0.433  0.064     0.273  0.033     0.223  0.020     0.223  0.015     0.204  0.014
  1983     2     0.404  0.073     0.295  0.028     0.221  0.020     0.225  0.015     0.205  0.014
  1983     3     0.342  0.054     0.315  0.027     0.219  0.021     0.227  0.015     0.206  0.014
  1983     4     0.279  0.030     0.316  0.026     0.218  0.021     0.230  0.016     0.206  0.014
  1983     5     0.378  0.056     0.331  0.029     0.215  0.021     0.232  0.016     0.206  0.014
  1983     6     0.286  0.053     0.314  0.028     0.214  0.021     0.235  0.016     0.207  0.014
  1983     7     0.205  0.068     0.298  0.027     0.209  0.021     0.237  0.016     0.207  0.014
  1983     8     0.357  0.053     0.273  0.026     0.209  0.021     0.242  0.016     0.208  0.014
  1983     9     0.398  0.051     0.265  0.027     0.206  0.021     0.244  0.016     0.209  0.014
  1983    10     0.196  0.059     0.252  0.025     0.207  0.021     0.247  0.015     0.210  0.014
  1983    11     0.288  0.073     0.249  0.023     0.211  0.021     0.246  0.015     0.210  0.013
  1983    12     0.205  0.051     0.232  0.021     0.207  0.021     0.248  0.015     0.211  0.013
  1984     1     0.232  0.054     0.223  0.019     0.203  0.021     0.247  0.015     0.213  0.013
  1984     2     0.110  0.024     0.209  0.021     0.200  0.020     0.250  0.015     0.214  0.013
  1984     3     0.241  0.045     0.194  0.024     0.197  0.020     0.251  0.015     0.216  0.013
  1984     4     0.125  0.048     0.190  0.024     0.197  0.019     0.252  0.015     0.219  0.013
  1984     5     0.349  0.065     0.168  0.022     0.195  0.019     0.252  0.015     0.220  0.013
  1984     6     0.076  0.051     0.148  0.020     0.190  0.020     0.253  0.015     0.222  0.013
  1984     7     0.094  0.075     0.149  0.020     0.194  0.019     0.255  0.015     0.224  0.013
  1984     8     0.196  0.066     0.137  0.021     0.198  0.019     0.256  0.015     0.224  0.012
  1984     9     0.219  0.068     0.127  0.021     0.201  0.018     0.257  0.015     0.226  0.012
  1984    10     0.148  0.058     0.126  0.021     0.204  0.018     0.258  0.015     0.228  0.012
  1984    11     0.019  0.053     0.110  0.025     0.205  0.018     0.257  0.014     0.231  0.012
  1984    12    -0.038  0.035     0.118  0.029     0.210  0.018     0.256  0.014     0.233  0.012
  1985     1     0.248  0.042     0.113  0.029     0.214  0.018     0.256  0.014     0.235  0.012
  1985     2    -0.033  0.036     0.113  0.028     0.218  0.018     0.256  0.013     0.238  0.012
  1985     3     0.126  0.038     0.105  0.030     0.222  0.017     0.259  0.013     0.239  0.012
  1985     4     0.104  0.050     0.105  0.031     0.224  0.017     0.260  0.012     0.241  0.011
  1985     5     0.157  0.086     0.109  0.033     0.226  0.017     0.261  0.012     0.242  0.011
  1985     6     0.174  0.063     0.127  0.033     0.227  0.016     0.263  0.012     0.244  0.011
  1985     7     0.038  0.055     0.123  0.033     0.229  0.016     0.264  0.012     0.247  0.011
  1985     8     0.192  0.079     0.159  0.034     0.228  0.016     0.264  0.012     0.250  0.011
  1985     9     0.118  0.077     0.166  0.035     0.229  0.016     0.265  0.012     0.251  0.011
  1985    10     0.160  0.091     0.188  0.033     0.232  0.015     0.267  0.011     0.254  0.011
  1985    11     0.062  0.043     0.214  0.033     0.232  0.015     0.268  0.011     0.257  0.011
  1985    12     0.183  0.029     0.210  0.030     0.235  0.014     0.270  0.011     0.259  0.011
  1986     1     0.200  0.048     0.218  0.029     0.237  0.013     0.269  0.011     0.261  0.011
  1986     2     0.392  0.056     0.217  0.028     0.238  0.013     0.270  0.010     0.264  0.011
  1986     3     0.216  0.061     0.217  0.029     0.238  0.013     0.269  0.010     0.266  0.011
  1986     4     0.365  0.061     0.218  0.030     0.241  0.012     0.271  0.011     0.269  0.011
  1986     5     0.466  0.070     0.222  0.031     0.238  0.012     0.273  0.011     0.271  0.011
  1986     6     0.131  0.041     0.222  0.033     0.239  0.011     0.274  0.011     0.273  0.011
  1986     7     0.132  0.051     0.231  0.033     0.236  0.011     0.276  0.011     0.274  0.011
  1986     8     0.186  0.073     0.230  0.035     0.239  0.011     0.277  0.011     0.277  0.011
  1986     9     0.110  0.071     0.225  0.035     0.239  0.011     0.278  0.011     0.278  0.011
  1986    10     0.178  0.086     0.213  0.033     0.242  0.012     0.280  0.011     0.280  0.011
  1986    11     0.112  0.070     0.195  0.029     0.238  0.012     0.280  0.011     0.282  0.011
  1986    12     0.173  0.067     0.217  0.029     0.239  0.012     0.279  0.010     0.284  0.010
  1987     1     0.311  0.048     0.245  0.030     0.243  0.012     0.283  0.010     0.284  0.010
  1987     2     0.379  0.038     0.257  0.025     0.245  0.012     0.285  0.010     0.285  0.010
  1987     3     0.152  0.074     0.279  0.024     0.247  0.012     0.289  0.010     0.286  0.010
  1987     4     0.228  0.073     0.291  0.024     0.250  0.012     0.291  0.010     0.287  0.010
  1987     5     0.242  0.062     0.300  0.024     0.253  0.013     0.292  0.010     0.287  0.010
  1987     6     0.396  0.060     0.326  0.024     0.261  0.012     0.294  0.010     0.289  0.010
  1987     7     0.476  0.046     0.342  0.023     0.263  0.013     0.294  0.010     0.289  0.010
  1987     8     0.332  0.049     0.341  0.025     0.270  0.013     0.294  0.010     0.290  0.010
  1987     9     0.368  0.040     0.363  0.025     0.279  0.013     0.293  0.010     0.292  0.010
  1987    10     0.320  0.062     0.380  0.022     0.287  0.013     0.292  0.010     0.295  0.010
  1987    11     0.226  0.061     0.394  0.021     0.293  0.013     0.291  0.010     0.297  0.010
  1987    12     0.483  0.048     0.397  0.020     0.297  0.013     0.290  0.010     0.299  0.010
  1988     1     0.498  0.055     0.386  0.021     0.305  0.013     0.289  0.010     0.301  0.010
  1988     2     0.370  0.044     0.394  0.023     0.307  0.013     0.289  0.010     0.304  0.009
  1988     3     0.418  0.079     0.396  0.021     0.311  0.012     0.289  0.011     0.306  0.009
  1988     4     0.435  0.045     0.399  0.018     0.316  0.012     0.289  0.011     0.309  0.010
  1988     5     0.406  0.041     0.389  0.016     0.322  0.013     0.289  0.011     0.311  0.010
  1988     6     0.431  0.063     0.372  0.014     0.326  0.013     0.289  0.010     0.315  0.010
  1988     7     0.351  0.042     0.333  0.011     0.329  0.013     0.290  0.010     0.317  0.010
  1988     8     0.426  0.047     0.328  0.013     0.331  0.013     0.289  0.010     0.321  0.010
  1988     9     0.389  0.040     0.314  0.013     0.333  0.014     0.287  0.010     0.323  0.010
  1988    10     0.358  0.052     0.301  0.014     0.336  0.014     0.288  0.010     0.324  0.010
  1988    11     0.108  0.045     0.276  0.014     0.335  0.015     0.286  0.009     0.326  0.010
  1988    12     0.280  0.037     0.255  0.016     0.342  0.016     0.286  0.010     0.328  0.010
  1989     1     0.025  0.053     0.254  0.019     0.349  0.016     0.287  0.010     0.329  0.010
  1989     2     0.305  0.040     0.245  0.022     0.353  0.016     0.286  0.010     0.332  0.010
  1989     3     0.256  0.048     0.241  0.026     0.359  0.016     0.287  0.010     0.333  0.010
  1989     4     0.276  0.049     0.239  0.027     0.362  0.016     0.289  0.010     0.334  0.009
  1989     5     0.111  0.077     0.244  0.030     0.366  0.015     0.289  0.010     0.335  0.009
  1989     6     0.181  0.071     0.255  0.028     0.369  0.014     0.292  0.010     0.336  0.009
  1989     7     0.329  0.036     0.286  0.029     0.372  0.013     0.294  0.010     0.338  0.010
  1989     8     0.318  0.089     0.291  0.032     0.372  0.013     0.294  0.011     0.339  0.010
  1989     9     0.345  0.076     0.329  0.033     0.377  0.012     0.296  0.010     0.339  0.009
  1989    10     0.335  0.057     0.355  0.035     0.378  0.011     0.299  0.010     0.340  0.009
  1989    11     0.168  0.039     0.388  0.035     0.379  0.011     0.302  0.010     0.341  0.009
  1989    12     0.418  0.050     0.407  0.037     0.378  0.011     0.305  0.010     0.340  0.009
  1990     1     0.387  0.051     0.420  0.037     0.373  0.010     0.308  0.010     0.340  0.009
  1990     2     0.375  0.082     0.423  0.035     0.370  0.010     0.314  0.010     0.341  0.009
  1990     3     0.703  0.067     0.420  0.033     0.364  0.010     0.317  0.010     0.341  0.008
  1990     4     0.588  0.074     0.431  0.030     0.360  0.010     0.321  0.009     0.342  0.008
  1990     5     0.512  0.088     0.452  0.029     0.357  0.010     0.322  0.009     0.342  0.008
  1990     6     0.411  0.082     0.453  0.027     0.352  0.010     0.325  0.008     0.343  0.008
  1990     7     0.478  0.048     0.454  0.024     0.350  0.010     0.330  0.008     0.343  0.008
  1990     8     0.355  0.058     0.464  0.020     0.351  0.011     0.333  0.008     0.343  0.008
  1990     9     0.310  0.056     0.434  0.019     0.349  0.011     0.335  0.008     0.344  0.008
  1990    10     0.466  0.059     0.429  0.023     0.347  0.011     0.338  0.008     0.345  0.008
  1990    11     0.423  0.059     0.421  0.022     0.345  0.011     0.342  0.008     0.345  0.008
  1990    12     0.425  0.075     0.434  0.017     0.344  0.011     0.343  0.008     0.346  0.008
  1991     1     0.404  0.051     0.439  0.018     0.343  0.010     0.344  0.008     0.345  0.008
  1991     2     0.495  0.050     0.448  0.019     0.339  0.010     0.345  0.008     0.346  0.008
  1991     3     0.335  0.057     0.459  0.021     0.336  0.010     0.347  0.008     0.346  0.008
  1991     4     0.530  0.052     0.452  0.023     0.335  0.011     0.347  0.008     0.347  0.008
  1991     5     0.421  0.054     0.443  0.021     0.335  0.011     0.346  0.008     0.349  0.008
  1991     6     0.559  0.061     0.438  0.023     0.334  0.011     0.347  0.008     0.350  0.008
  1991     7     0.539  0.059     0.444  0.024     0.338  0.012     0.349  0.008     0.351  0.008
  1991     8     0.472  0.070     0.438  0.026     0.334  0.011     0.352  0.008     0.351  0.008
  1991     9     0.442  0.062     0.446  0.027     0.335  0.011     0.354  0.008     0.353  0.008
  1991    10     0.374  0.064     0.427  0.030     0.337  0.012     0.354  0.008     0.354  0.007
  1991    11     0.319  0.039     0.417  0.029     0.340  0.012     0.357  0.008     0.356  0.007
  1991    12     0.370  0.065     0.396  0.029     0.345  0.012     0.359  0.008     0.357  0.007
  1992     1     0.476  0.066     0.365  0.029     0.345  0.011     0.359  0.008     0.359  0.007
  1992     2     0.419  0.065     0.338  0.035     0.343  0.012     0.359  0.008     0.362  0.007
  1992     3     0.435  0.069     0.302  0.036     0.344  0.012     0.363  0.008     0.366  0.007
  1992     4     0.291  0.058     0.279  0.034     0.347  0.013     0.364  0.008     0.368  0.007
  1992     5     0.308  0.037     0.254  0.033     0.351  0.013     0.366  0.008     0.370  0.007
  1992     6     0.309  0.052     0.242  0.029     0.350  0.013     0.367  0.009     0.372  0.007
  1992     7     0.161  0.047     0.233  0.028     0.352  0.012     0.367  0.009     0.374  0.007
  1992     8     0.148  0.055     0.232  0.029     0.359  0.013     0.368  0.009     0.376  0.007
  1992     9     0.017  0.059     0.224  0.030     0.355  0.013     0.370  0.009     0.378  0.007
  1992    10     0.096  0.059     0.225  0.029     0.354  0.013     0.373  0.009     0.380  0.007
  1992    11     0.018  0.046     0.224  0.030     0.351  0.013     0.377  0.009     0.382  0.007
  1992    12     0.221  0.061     0.226  0.030     0.353  0.013     0.379  0.009     0.383  0.007
  1993     1     0.371  0.038     0.237  0.030     0.355  0.013     0.379  0.009     0.384  0.007
  1993     2     0.408  0.052     0.243  0.028     0.358  0.014     0.383  0.009     0.385  0.007
  1993     3     0.334  0.083     0.256  0.028     0.360  0.014     0.385  0.009     0.385  0.007
  1993     4     0.303  0.051     0.272  0.025     0.361  0.014     0.388  0.009     0.387  0.007
  1993     5     0.306  0.047     0.280  0.024     0.362  0.015     0.391  0.009     0.388  0.007
  1993     6     0.327  0.046     0.280  0.026     0.360  0.016     0.394  0.010     0.389  0.007
  1993     7     0.288  0.069     0.270  0.029     0.359  0.017     0.397  0.010     0.390  0.007
  1993     8     0.224  0.045     0.242  0.028     0.360  0.016     0.400  0.010     0.391  0.007
  1993     9     0.180  0.065     0.241  0.026     0.361  0.017     0.401  0.010     0.393  0.006
  1993    10     0.282  0.039     0.248  0.030     0.359  0.018     0.402  0.010     0.395  0.006
  1993    11     0.116  0.047     0.249  0.029     0.357  0.018     0.405  0.010     0.396  0.006
  1993    12     0.223  0.075     0.260  0.032     0.352  0.018     0.408  0.010     0.399  0.006
  1994     1     0.251  0.055     0.263  0.030     0.350  0.018     0.411  0.010     0.400  0.006
  1994     2     0.073  0.039     0.265  0.027     0.351  0.018     0.414  0.010     0.403  0.006
  1994     3     0.317  0.055     0.282  0.026     0.348  0.018     0.415  0.010     0.404  0.006
  1994     4     0.388  0.045     0.299  0.025     0.346  0.018     0.416  0.010     0.407  0.006
  1994     5     0.323  0.054     0.325  0.024     0.348  0.018     0.418  0.010     0.407  0.006
  1994     6     0.450  0.055     0.338  0.023     0.349  0.017     0.420  0.010     0.408  0.006
  1994     7     0.329  0.044     0.360  0.022     0.347  0.017     0.420  0.010     0.409  0.006
  1994     8     0.250  0.051     0.417  0.024     0.347  0.017     0.421  0.011     0.411  0.006
  1994     9     0.385  0.046     0.430  0.025     0.348  0.017     0.422  0.011     0.412  0.006
  1994    10     0.484  0.037     0.441  0.023     0.350  0.017     0.422  0.011     0.414  0.006
  1994    11     0.429  0.042     0.443  0.021     0.352  0.017     0.424  0.011     0.417  0.006
  1994    12     0.377  0.034     0.452  0.021     0.357  0.017     0.425  0.011     0.419  0.006
  1995     1     0.516  0.048     0.472  0.021     0.361  0.017     0.424  0.011     0.422  0.007
  1995     2     0.758  0.048     0.497  0.019     0.367  0.017     0.425  0.011     0.424  0.007
  1995     3     0.468  0.047     0.498  0.019     0.376  0.017     0.424  0.011     0.427  0.007
  1995     4     0.520  0.035     0.503  0.023     0.386  0.016     0.424  0.011     0.430  0.007
  1995     5     0.350  0.041     0.507  0.025     0.398  0.016     0.422  0.011     0.432  0.007
  1995     6     0.553  0.047     0.503  0.026     0.405  0.015     0.422  0.011     0.434  0.007
  1995     7     0.577  0.031     0.486  0.024     0.409  0.015     0.422  0.011     0.437  0.007
  1995     8     0.551  0.035     0.470  0.022     0.416  0.015     0.423  0.011     0.439  0.007
  1995     9     0.394  0.038     0.464  0.022     0.421  0.014     0.424  0.011     0.441  0.007
  1995    10     0.545  0.079     0.453  0.021     0.429  0.015     0.423  0.011     0.444  0.007
  1995    11     0.476  0.057     0.449  0.022     0.436  0.014     0.422  0.011     0.447  0.007
  1995    12     0.327  0.054     0.427  0.022     0.444  0.015     0.421  0.011     0.449  0.008
  1996     1     0.314  0.044     0.413  0.023     0.452  0.014     0.422  0.011     0.451  0.008
  1996     2     0.561  0.026     0.412  0.022     0.461  0.014     0.421  0.011     0.453  0.008
  1996     3     0.404  0.048     0.403  0.018     0.466  0.014     0.423  0.011     0.455  0.008
  1996     4     0.385  0.028     0.378  0.017     0.469  0.014     0.424  0.011     0.455  0.008
  1996     5     0.296  0.040     0.374  0.015     0.475  0.014     0.425  0.011     0.456  0.008
  1996     6     0.294  0.034     0.384  0.013     0.482  0.015     0.425  0.011     0.458  0.008
  1996     7     0.409  0.055     0.385  0.011     0.485  0.014     0.425  0.012     0.460  0.008
  1996     8     0.532  0.047     0.371  0.012     0.495  0.015     0.426  0.012     0.462  0.008
  1996     9     0.290  0.049     0.382  0.014     0.496  0.014     0.427  0.011     0.464  0.008
  1996    10     0.242  0.040     0.386  0.015     0.495  0.014     0.428  0.011     0.467  0.009
  1996    11     0.429  0.043     0.394  0.018     0.495  0.014     0.432  0.011     0.469  0.009
  1996    12     0.451  0.048     0.421  0.022     0.495  0.014     0.434  0.011     0.472  0.009
  1997     1     0.327  0.022     0.422  0.022     0.496  0.014     0.436  0.011     0.475  0.009
  1997     2     0.394  0.061     0.417  0.019     0.498  0.015     0.438  0.011     0.476  0.009
  1997     3     0.533  0.054     0.440  0.023     0.499  0.015     0.442  0.011     0.478  0.009
  1997     4     0.429  0.033     0.479  0.023     0.498  0.016     0.445  0.011     0.481  0.009
  1997     5     0.402  0.062     0.502  0.023     0.498  0.016     0.448  0.011     0.483  0.009
  1997     6     0.614  0.075     0.519  0.023     0.499  0.016     0.450  0.011     0.484  0.009
  1997     7     0.426  0.068     0.542  0.025     0.495  0.015     0.454  0.011     0.484  0.009
  1997     8     0.471  0.052     0.580  0.026     0.492  0.015     0.458  0.011     0.485  0.009
  1997     9     0.564  0.090     0.589  0.027     0.492  0.015     0.463  0.011     0.486  0.009
  1997    10     0.706  0.036     0.615  0.029     0.493  0.014     0.468  0.011     0.488  0.009
  1997    11     0.707  0.049     0.644  0.029     0.493  0.014     0.473  0.011     0.489  0.008
  1997    12     0.657  0.063     0.659  0.032     0.491  0.015     0.475  0.011     0.489  0.008
  1998     1     0.605  0.041     0.688  0.033     0.488  0.015     0.479  0.011     0.488  0.008
  1998     2     0.850  0.058     0.713  0.034     0.487  0.015     0.480  0.011     0.488  0.009
  1998     3     0.635  0.060     0.707  0.029     0.488  0.015     0.482  0.011     0.489  0.009
  1998     4     0.748  0.055     0.688  0.026     0.484  0.015     0.484  0.011     0.489  0.009
  1998     5     0.747  0.060     0.667  0.024     0.482  0.015     0.486  0.011     0.490  0.009
  1998     6     0.793  0.081     0.664  0.026     0.482  0.015     0.488  0.011     0.490  0.008
  1998     7     0.768  0.046     0.652  0.024     0.485  0.014     0.490  0.010     0.491  0.008
  1998     8     0.776  0.059     0.638  0.025     0.483  0.015     0.494  0.010     0.492  0.008
  1998     9     0.490  0.042     0.613  0.025     0.486  0.015     0.498  0.010     0.493  0.009
  1998    10     0.476  0.051     0.582  0.024     0.488  0.015     0.503  0.011     0.494  0.009
  1998    11     0.463  0.038     0.546  0.026     0.493  0.015     0.506  0.011     0.497  0.009
  1998    12     0.615  0.074     0.517  0.027     0.497  0.016     0.511  0.011     0.498  0.009
  1999     1     0.467  0.076     0.486  0.029     0.501  0.016     0.514  0.011     0.500  0.009
  1999     2     0.672  0.034     0.453  0.028     0.501  0.016     0.520  0.011     0.502  0.009
  1999     3     0.343  0.033     0.449  0.032     0.505  0.016     0.522  0.010     0.503  0.009
  1999     4     0.367  0.039     0.444  0.034     0.511  0.016     0.524  0.010     0.504  0.009
  1999     5     0.318  0.036     0.438  0.034     0.516  0.017     0.525  0.010     0.506  0.009
  1999     6     0.441  0.075     0.425  0.028     0.519  0.016     0.525  0.010     0.508  0.009
  1999     7     0.402  0.063     0.410  0.026     0.526  0.017     0.525  0.010     0.510  0.009
  1999     8     0.382  0.067     0.400  0.023     0.530  0.017     0.527  0.010     0.512  0.009
  1999     9     0.436  0.092     0.414  0.023     0.536  0.017     0.528  0.010     0.513  0.009
  1999    10     0.425  0.052     0.431  0.020     0.539  0.017     0.530  0.010     0.515  0.009
  1999    11     0.389  0.048     0.434  0.017     0.544  0.017     0.532  0.010     0.518  0.009
  1999    12     0.461  0.050     0.432  0.016     0.544  0.016     0.533  0.010     0.519  0.009
  2000     1     0.283  0.036     0.432  0.014     0.547  0.017     0.535  0.010     0.521  0.009
  2000     2     0.548  0.047     0.439  0.015     0.549  0.017     0.535  0.010     0.523  0.009
  2000     3     0.511  0.036     0.441  0.014     0.551  0.018     0.537  0.010     0.523  0.009
  2000     4     0.575  0.039     0.433  0.015     0.549  0.018     0.539  0.010     0.525  0.009
  2000     5     0.353  0.032     0.430  0.014     0.547  0.018     0.541  0.011     0.526  0.009
  2000     6     0.425  0.056     0.419  0.014     0.546  0.017     0.543  0.011     0.527  0.010
  2000     7     0.393  0.043     0.434  0.015     0.548  0.017     0.544  0.011     0.528  0.010
  2000     8     0.476  0.042     0.426  0.017     0.544  0.017     0.545  0.011     0.529  0.010
  2000     9     0.459  0.079     0.431  0.018     0.542  0.017     0.547  0.011     0.531  0.010
  2000    10     0.328  0.035     0.429  0.017     0.539  0.016     0.550  0.012     0.532  0.010
  2000    11     0.346  0.046     0.447  0.018     0.537  0.016     0.552  0.012     0.534  0.010
  2000    12     0.326  0.045     0.458  0.022     0.532  0.015     0.556  0.013     0.534  0.010
  2001     1     0.470  0.063     0.475  0.024     0.529  0.015     0.558  0.013     0.535  0.010
  2001     2     0.451  0.036     0.482  0.024     0.527  0.015     0.560  0.013     0.535  0.010
  2001     3     0.565  0.054     0.490  0.022     0.531  0.014     0.562  0.013     0.536  0.010
  2001     4     0.555  0.053     0.509  0.022     0.536  0.015     0.564  0.013     0.537  0.010
  2001     5     0.568  0.040     0.541  0.022     0.538  0.015     0.566  0.014     0.537  0.010
  2001     6     0.561  0.084     0.568  0.023     0.541  0.015     0.569  0.014     0.538  0.010
  2001     7     0.598  0.067     0.589  0.027     0.543  0.015     0.570  0.014     0.539  0.010
  2001     8     0.555  0.062     0.608  0.028     0.544  0.015     0.572  0.013     0.540  0.010
  2001     9     0.558  0.061     0.633  0.029     0.548  0.015     0.575  0.013     0.541  0.010
  2001    10     0.559  0.050     0.639  0.029     0.553  0.014     0.579  0.013     0.542  0.011
  2001    11     0.719  0.064     0.647  0.028     0.554  0.014     0.582  0.014     0.543  0.011
  2001    12     0.651  0.047     0.652  0.024     0.554  0.014     0.585  0.014     0.544  0.011
  2002     1     0.724  0.053     0.656  0.024     0.553  0.014     0.590  0.014     0.544  0.011
  2002     2     0.679  0.042     0.658  0.025     0.555  0.014     0.593  0.014     0.544  0.011
  2002     3     0.875  0.062     0.666  0.025     0.557  0.014     0.594  0.014     0.544  0.011
  2002     4     0.619  0.041     0.671  0.028     0.561  0.014     0.597  0.014     0.546  0.011
  2002     5     0.668  0.052     0.661  0.030     0.567  0.015     0.600  0.014     0.548  0.011
  2002     6     0.620  0.037     0.653  0.030     0.568  0.015     0.600  0.014     0.550  0.011
  2002     7     0.651  0.068     0.656  0.028     0.576  0.015     0.602  0.014     0.552  0.010
  2002     8     0.574  0.083     0.648  0.028     0.578  0.015     0.603  0.014     0.554  0.010
  2002     9     0.652  0.082     0.621  0.029     0.582  0.015     0.602  0.013     0.557  0.010
  2002    10     0.623  0.070     0.616  0.027     0.584  0.016     0.602  0.013     0.560  0.010
  2002    11     0.601  0.051     0.611  0.028     0.589  0.016     0.601  0.013     0.563  0.010
  2002    12     0.555  0.050     0.601  0.029     0.594  0.016     0.600  0.013     0.565  0.011
  2003     1     0.757  0.052     0.594  0.027     0.599  0.017     0.597  0.013     0.566  0.011
  2003     2     0.577  0.043     0.603  0.026     0.602  0.017     0.593  0.013     0.567  0.011
  2003     3     0.552  0.045     0.608  0.030     0.607  0.017     0.593  0.012     0.568  0.011
  2003     4     0.566  0.069     0.622  0.032     0.616  0.016     0.591  0.012     0.569  0.011
  2003     5     0.607  0.064     0.620  0.033     0.623  0.017     0.589  0.012     0.571  0.011
  2003     6     0.492  0.061     0.639  0.032     0.630  0.017     0.587  0.012     0.572  0.011
  2003     7     0.567  0.065     0.627  0.031     0.632  0.018     0.585  0.012     0.574  0.011
  2003     8     0.684  0.064     0.638  0.031     0.638  0.018     0.584  0.012     0.576  0.011
  2003     9     0.712  0.070     0.644  0.028     0.639  0.018     0.585  0.012     0.578  0.011
  2003    10     0.792  0.060     0.649  0.026     0.639  0.019     0.586  0.013     0.580  0.011
  2003    11     0.576  0.046     0.630  0.023     0.639  0.019     0.588  0.013     0.583  0.012
  2003    12     0.783  0.055     0.628  0.021     0.641  0.019     0.588  0.013     0.585  0.012
  2004     1     0.613  0.033     0.609  0.021     0.640  0.019     0.590  0.013     0.587  0.012
  2004     2     0.718  0.040     0.593  0.021     0.643  0.019     0.589  0.013     0.589  0.012
  2004     3     0.614  0.027     0.582  0.023     0.645  0.018     0.590  0.013     0.591  0.012
  2004     4     0.634  0.025     0.571  0.024     0.648  0.018     0.592  0.013     0.592  0.012
  2004     5     0.380  0.048     0.582  0.026     0.648  0.019     0.594  0.013     0.594  0.012
  2004     6     0.466  0.075     0.561  0.024     0.651  0.018     0.597  0.013     0.595  0.012
  2004     7     0.336  0.063     0.573  0.022     0.655  0.019     0.600  0.013     0.597  0.012
  2004     8     0.489  0.056     0.569  0.023     0.656  0.019     0.603  0.013     0.599  0.012
  2004     9     0.578  0.054     0.581  0.024     0.652  0.019     0.605  0.013     0.601  0.012
  2004    10     0.665  0.048     0.588  0.026     0.656  0.019     0.607  0.013     0.602  0.012
  2004    11     0.709  0.035     0.611  0.026     0.656  0.019     0.611  0.014     0.603  0.012
  2004    12     0.533  0.029     0.632  0.028     0.656  0.019     0.613  0.014     0.605  0.012
  2005     1     0.759  0.053     0.661  0.031     0.656  0.020     0.618  0.014     0.606  0.012
  2005     2     0.666  0.054     0.676  0.032     0.656  0.019     0.620  0.013     0.607  0.013
  2005     3     0.753  0.050     0.690  0.032     0.654  0.019     0.623  0.014     0.608  0.013
  2005     4     0.717  0.048     0.704  0.030     0.655  0.018     0.626  0.014     0.609  0.013
  2005     5     0.664  0.064     0.709  0.032     0.655  0.018     0.630  0.014     0.611  0.013
  2005     6     0.717  0.081     0.728  0.035     0.654  0.018     0.632  0.014     0.613  0.013
  2005     7     0.680  0.079     0.716  0.035     0.646  0.019     0.634  0.014     0.614  0.013
  2005     8     0.673  0.060     0.726  0.033     0.641  0.019     0.636  0.015     0.615  0.013
  2005     9     0.738  0.039     0.718  0.033     0.643  0.019     0.638  0.015     0.617  0.014
  2005    10     0.842  0.035     0.705  0.031     0.643  0.019     0.642  0.015     0.619  0.014
  2005    11     0.768  0.050     0.693  0.033     0.641  0.019     0.645  0.016     0.622  0.014
  2005    12     0.762  0.061     0.691  0.029     0.641  0.018     0.647  0.016     0.625  0.014
  2006     1     0.613  0.032     0.681  0.025     0.642  0.018     0.648  0.016     0.629  0.014
  2006     2     0.780  0.049     0.686  0.024     0.640  0.018     0.649  0.017     0.632  0.015
  2006     3     0.660  0.050     0.679  0.022     0.638  0.018     0.649  0.017     0.635  0.015
  2006     4     0.559  0.044     0.670  0.025     0.637  0.018     0.650  0.017     0.638  0.015
  2006     5     0.528  0.051     0.666  0.023     0.638  0.018     0.650  0.017     0.641  0.015
  2006     6     0.693  0.036     0.672  0.021     0.635  0.018     0.651  0.017     0.644  0.015
  2006     7     0.563  0.051     0.701  0.020     0.636  0.018     0.652  0.017     0.646  0.015
  2006     8     0.726  0.059     0.698  0.023     0.634  0.019     0.654  0.018     0.648  0.015
  2006     9     0.651  0.037     0.699  0.025     0.632  0.019     0.654  0.017     0.651  0.015
  2006    10     0.739  0.046     0.721  0.026     0.631  0.019     0.655  0.017     0.654  0.015
  2006    11     0.720  0.046     0.732  0.026     0.635  0.019     0.654  0.018     0.656  0.015
  2006    12     0.837  0.042     0.727  0.028     0.639  0.020     0.654  0.018     0.658  0.015
  2007     1     0.958  0.030     0.734  0.031     0.646  0.021     0.651  0.018     0.661  0.016
  2007     2     0.742  0.075     0.723  0.033     0.650  0.021     0.650  0.018     0.664  0.016
  2007     3     0.670  0.044     0.714  0.033     0.652  0.022     0.647  0.018     0.667  0.016
  2007     4     0.822  0.052     0.707  0.035     0.654  0.022     0.647  0.018     0.669  0.016
  2007     5     0.668  0.063     0.696  0.033     0.655  0.022     0.648  0.018     0.671  0.016
  2007     6     0.624  0.062     0.669  0.033     0.659  0.022     0.649  0.018     0.672  0.016
  2007     7     0.657  0.063     0.611  0.034     0.659  0.022     0.649  0.018     0.674  0.016
  2007     8     0.586  0.057     0.576  0.033     0.663  0.022     0.650  0.018     0.675  0.016
  2007     9     0.542  0.044     0.574  0.033     0.665  0.022     0.651  0.018     0.676  0.016
  2007    10     0.660  0.041     0.550  0.031     0.668  0.023     0.653  0.018     0.677  0.016
  2007    11     0.583  0.036     0.538  0.029     0.670  0.023     0.654  0.018     0.678  0.016
  2007    12     0.515  0.041     0.528  0.029     0.670  0.023     0.654  0.018     0.679  0.016
  2008     1     0.266  0.040     0.525  0.027     0.670  0.023     0.654  0.018     0.680  0.016
  2008     2     0.321  0.065     0.523  0.025     0.670  0.023     0.654  0.018     0.680  0.016
  2008     3     0.647  0.041     0.528  0.028     0.669  0.023     0.655  0.018     0.681  0.016
  2008     4     0.537  0.033     0.531  0.027     0.668  0.024     0.655  0.018     0.682  0.016
  2008     5     0.523  0.051     0.539  0.029     0.668  0.023     0.655  0.018     0.682  0.016
  2008     6     0.504  0.058     0.544  0.028     0.664  0.023     0.657  0.018     0.682  0.016
  2008     7     0.615  0.061     0.578  0.027     0.663  0.023     0.657  0.018     0.682  0.016
  2008     8     0.561  0.039     0.599  0.027     0.659  0.023     0.658  0.018     0.683  0.017
  2008     9     0.605  0.066     0.586  0.029     0.659  0.023     0.658  0.017     0.684  0.017
  2008    10     0.697  0.048     0.590  0.029     0.661  0.023     0.657  0.018     0.686  0.017
  2008    11     0.677  0.064     0.598  0.027     0.661  0.023     0.659  0.018     0.687  0.017
  2008    12     0.574  0.033     0.616  0.026     0.661  0.023     0.659  0.018     0.689  0.017
  2009     1     0.679  0.050     0.631  0.027     0.664  0.023     0.660  0.019     0.691  0.018
  2009     2     0.570  0.043     0.643  0.026     0.665  0.023     0.659  0.019     0.692  0.018
  2009     3     0.491  0.044     0.652  0.025     0.664  0.023     0.660  0.019     0.695  0.018
  2009     4     0.585  0.044     0.655  0.026     0.663  0.023     0.661  0.019     0.698  0.018
  2009     5     0.617  0.033     0.665  0.025     0.661  0.023     0.664  0.020     0.700  0.018
  2009     6     0.715  0.050     0.680  0.023     0.657  0.022     0.666  0.020     0.702  0.018
  2009     7     0.797  0.049     0.690  0.024     0.648  0.022     0.669  0.020     0.704  0.018
  2009     8     0.710  0.048     0.715  0.023     0.644  0.022     0.671  0.020     0.707  0.018
  2009     9     0.713  0.062     0.748  0.022     0.641  0.022     0.673  0.020     0.709  0.018
  2009    10     0.734  0.056     0.775  0.023     0.639  0.023     0.675  0.021     0.711  0.019
  2009    11     0.789  0.025     0.788  0.024     0.641  0.022     0.674  0.021     0.714  0.019
  2009    12     0.755  0.027     0.788  0.025     0.643  0.022     0.677  0.021     0.717  0.019
  2010     1     0.800  0.051     0.777  0.024     0.642  0.022     0.677  0.021     0.720  0.019
  2010     2     0.875  0.040     0.777  0.025     0.644  0.022     0.679  0.021     0.723  0.019
  2010     3     0.883  0.050     0.772  0.026     0.647  0.022     0.680  0.021     0.726  0.019
  2010     4     0.912  0.049     0.775  0.028     0.650  0.022     0.680  0.022     0.728  0.019
  2010     5     0.775  0.025     0.773  0.029     0.654  0.022     0.681  0.022     0.731  0.019
  2010     6     0.714  0.066     0.756  0.029     0.655  0.022     0.682  0.022     0.733  0.019
  2010     7     0.669  0.050     0.737  0.030     0.662  0.022     0.684  0.022     0.735  0.019
  2010     8     0.701  0.047     0.709  0.032     0.667  0.022     0.685  0.022     0.737  0.020
  2010     9     0.660  0.063     0.689  0.031     0.666  0.022     0.687  0.022     0.739  0.020
  2010    10     0.767  0.068     0.669  0.031     0.667  0.023     0.689  0.023     0.741  0.020
  2010    11     0.767  0.051     0.650  0.030     0.669  0.022     0.691  0.023     0.745  0.020
  2010    12     0.555  0.029     0.647  0.027     0.673  0.022     0.694  0.023     0.747  0.020
  2011     1     0.565  0.033     0.655  0.029     0.673  0.022     0.699  0.023     0.748  0.020
  2011     2     0.542  0.048     0.659  0.029     0.675  0.021     0.703  0.023     0.749  0.021
  2011     3     0.642  0.048     0.654  0.025     0.678  0.021     0.708  0.023     0.750  0.021
  2011     4     0.673  0.052     0.647  0.022     0.678  0.022     0.713  0.023     0.751  0.021
  2011     5     0.543  0.047     0.631  0.023     0.680  0.022     0.717  0.023     0.752  0.021
  2011     6     0.680  0.045     0.634  0.021     0.682  0.023     0.718  0.023     0.753  0.021
  2011     7     0.765  0.064     0.624  0.020     0.684  0.023     0.721  0.023     0.755  0.021
  2011     8     0.753  0.076     0.621  0.021     0.683  0.023     0.724  0.024     0.756  0.022
  2011     9     0.599  0.059     0.607  0.022     0.688  0.023     0.726  0.024     0.758  0.022
  2011    10     0.684  0.022     0.611  0.023     0.691  0.024     0.728  0.024     0.760  0.022
  2011    11     0.569  0.039     0.629  0.024     0.694  0.024     0.730  0.024     0.761  0.022
  2011    12     0.593  0.039     0.635  0.028     0.694  0.024     0.731  0.024     0.762  0.022
  2012     1     0.444  0.044     0.622  0.028     0.691  0.024     0.732  0.024     0.762  0.022
  2012     2     0.502  0.062     0.617  0.028     0.693  0.024     0.735  0.024     0.763  0.022
  2012     3     0.484  0.049     0.628  0.029     0.695  0.024     0.739  0.024     0.764  0.022
  2012     4     0.714  0.049     0.643  0.029     0.696  0.024     0.740  0.024     0.765  0.023
  2012     5     0.767  0.067     0.661  0.030     0.694  0.025     0.743  0.024     0.765  0.023
  2012     6     0.745  0.068     0.661  0.033     0.695  0.025     0.744  0.024     0.767  0.023
  2012     7     0.608  0.070     0.682  0.034     0.695  0.025     0.746  0.024     0.768  0.023
  2012     8     0.700  0.067     0.691  0.035     0.695  0.025     0.748  0.024     0.770  0.023
  2012     9     0.727  0.053     0.702  0.035     0.694  0.025     0.750  0.024     0.771  0.023
  2012    10     0.858  0.025     0.692  0.034     0.692  0.026     0.752  0.025     0.773  0.023
  2012    11     0.792  0.031     0.681  0.032     0.693  0.026     0.754  0.025     0.773  0.023
  2012    12     0.587  0.055     0.679  0.028     0.695  0.026     0.758  0.025     0.775  0.023
  2013     1     0.700  0.042     0.679  0.026     0.697  0.027     0.763  0.025     0.775  0.023
  2013     2     0.606  0.055     0.680  0.026     0.700  0.027     0.767  0.025     0.777  0.023
  2013     3     0.618  0.062     0.684  0.027     0.704  0.027     0.769  0.025     0.779  0.023
  2013     4     0.595  0.064     0.668  0.029     0.710  0.028     0.772  0.025     0.782  0.023
  2013     5     0.635  0.033     0.670  0.031     0.714  0.029     0.775  0.025     0.783  0.023
  2013     6     0.719  0.044     0.681  0.033     0.724  0.029     0.777  0.026     0.786  0.023
  2013     7     0.612  0.037     0.685  0.035     0.735  0.029     0.779  0.026     0.789  0.023
  2013     8     0.707  0.047     0.682  0.034     0.747  0.029     0.782  0.026     0.792  0.024
  2013     9     0.774  0.055     0.692  0.035     0.757  0.029     0.783  0.026     0.795  0.024
  2013    10     0.678  0.066     0.708  0.036     0.765  0.030     0.785  0.027     0.798  0.024
  2013    11     0.811  0.061     0.723  0.037     0.772  0.030     0.787  0.027     0.801  0.024
  2013    12     0.716  0.078     0.719  0.040     0.776  0.030     0.790  0.027     0.804  0.024
  2014     1     0.752  0.068     0.720  0.041     0.778  0.030     0.792  0.027     0.807  0.024
  2014     2     0.567  0.075     0.730  0.041     0.783  0.031     0.795  0.027     0.809  0.025
  2014     3     0.734  0.067     0.735  0.044     0.789  0.031     0.800  0.028     0.812  0.025
  2014     4     0.788  0.065     0.748  0.044     0.793  0.031     0.804  0.028     0.815  0.025
  2014     5     0.813  0.050     0.735  0.044     0.800  0.031     0.806  0.028     0.818  0.025
  2014     6     0.675  0.050     0.740  0.042     0.806  0.031     0.808  0.028     0.821  0.025
  2014     7     0.629  0.048     0.746  0.041     0.816  0.031     0.809  0.028     0.825  0.025
  2014     8     0.820  0.059     0.770  0.040     0.826  0.031     0.811  0.029     0.829  0.025
  2014     9     0.832  0.048     0.781  0.037     0.838  0.031     0.812  0.028     0.832  0.025
  2014    10     0.836  0.078     0.781  0.038     0.842  0.031     0.815  0.028     0.834  0.025
  2014    11     0.656  0.059     0.782  0.039     0.845  0.030     0.817  0.028     0.837  0.025
  2014    12     0.784  0.050     0.794  0.038     0.845  0.030     0.820  0.028     0.840  0.026
  2015     1     0.819  0.070     0.810  0.040     0.849  0.030     0.823  0.028     0.843  0.026
  2015     2     0.859  0.063     0.816  0.040     0.852  0.030     0.826  0.029     0.846  0.026
  2015     3     0.863  0.055     0.820  0.041     0.853  0.031     0.828  0.029     0.848  0.026
  2015     4     0.784  0.085     0.842  0.038     0.854  0.032     0.830  0.029     0.850  0.026
  2015     5     0.826  0.056     0.872  0.040     0.855  0.032     0.831  0.029     0.852  0.026
  2015     6     0.827  0.038     0.905  0.040     0.861  0.032     0.833  0.029     0.853  0.026
  2015     7     0.814  0.062     0.935  0.039     0.863  0.032     0.836  0.029     0.855  0.026
  2015     8     0.892  0.068     0.971  0.039     0.867  0.033     0.837  0.029     0.857  0.026
  2015     9     0.885  0.064     1.005  0.038     0.872  0.033     0.840  0.029     0.859  0.026
  2015    10     1.092  0.049     1.032  0.037     0.877  0.032     0.841  0.029     0.861  0.027
  2015    11     1.024  0.065     1.046  0.038     0.880  0.032     0.844  0.029     0.863  0.027
  2015    12     1.171  0.048     1.051  0.041     0.882  0.033     0.846  0.030     0.864  0.027
  2016     1     1.188  0.045     1.059  0.040     0.886  0.033     0.849  0.030     0.866  0.027
  2016     2     1.293  0.055     1.072  0.042     0.888  0.034     0.850  0.030     0.868  0.027
  2016     3     1.266  0.049     1.076  0.040     0.888  0.035     0.851  0.030     0.870  0.027
  2016     4     1.111  0.060     1.066  0.036     0.893  0.035     0.852  0.030     0.873  0.027
  2016     5     0.992  0.056     1.061  0.033     0.893  0.035     0.855  0.031     0.876  0.028
  2016     6     0.882  0.049     1.042  0.031     0.897  0.035     0.856  0.031     0.878  0.028
  2016     7     0.917  0.062     1.030  0.031     0.900  0.035     0.857  0.031       NaN    NaN
  2016     8     1.039  0.066     1.017  0.032     0.906  0.035     0.858  0.031       NaN    NaN
  2016     9     0.939  0.060     1.009  0.031     0.913  0.034     0.861  0.032       NaN    NaN
  2016    10     0.966  0.040     0.996  0.029     0.917  0.034     0.864  0.032       NaN    NaN
  2016    11     0.964  0.065     0.992  0.026     0.918  0.034     0.867  0.032       NaN    NaN
  2016    12     0.941  0.033     0.983  0.026     0.922  0.035     0.870  0.033       NaN    NaN
  2017     1     1.044  0.030     0.978  0.026     0.927  0.034     0.873  0.033       NaN    NaN
  2017     2     1.144  0.056     0.965  0.024     0.929  0.034     0.876  0.033       NaN    NaN
  2017     3     1.169  0.033     0.952  0.026     0.930  0.034     0.881  0.033       NaN    NaN
  2017     4     0.959  0.053     0.948  0.033     0.934  0.033     0.882  0.033       NaN    NaN
  2017     5     0.944  0.044     0.938  0.034     0.940  0.033     0.883  0.033       NaN    NaN
  2017     6     0.774  0.031     0.937  0.036     0.946  0.033     0.885  0.033       NaN    NaN
  2017     7     0.848  0.077     0.919  0.036     0.951  0.033     0.888  0.033       NaN    NaN
  2017     8     0.885  0.053     0.896  0.038     0.957  0.033     0.890  0.033       NaN    NaN
  2017     9     0.789  0.055     0.871  0.040     0.961  0.033     0.891  0.033       NaN    NaN
  2017    10     0.915  0.110     0.867  0.040     0.967  0.032     0.893  0.033       NaN    NaN
  2017    11     0.847  0.050     0.857  0.041     0.970  0.032     0.892  0.033       NaN    NaN
  2017    12     0.932  0.067     0.861  0.044     0.972  0.032     0.895  0.033       NaN    NaN
  2018     1     0.825  0.037     0.862  0.042     0.974  0.032     0.896  0.034       NaN    NaN
  2018     2     0.870  0.066     0.857  0.047     0.975  0.032     0.899  0.034       NaN    NaN
  2018     3     0.866  0.045     0.857  0.048     0.976  0.032     0.904  0.033       NaN    NaN
  2018     4     0.911  0.059     0.863  0.044     0.973  0.032     0.908  0.033       NaN    NaN
  2018     5     0.821  0.043     0.861  0.044     0.974  0.031     0.911  0.034       NaN    NaN
  2018     6     0.822  0.054     0.862  0.044     0.969  0.031     0.915  0.034       NaN    NaN
  2018     7     0.857  0.059     0.869  0.047     0.963  0.032     0.921  0.034       NaN    NaN
  2018     8     0.834  0.106     0.874  0.044     0.952  0.033     0.926  0.034       NaN    NaN
  2018     9     0.785  0.081     0.897  0.046     0.944  0.033     0.932  0.035       NaN    NaN
  2018    10     0.984  0.056     0.909  0.047     0.940  0.033     0.938  0.035       NaN    NaN
  2018    11     0.826  0.054     0.914  0.047     0.937  0.033     0.943  0.034       NaN    NaN
  2018    12     0.947  0.083     0.920  0.047     0.936  0.033     0.949  0.034       NaN    NaN
  2019     1     0.902  0.070     0.929  0.046     0.936  0.034     0.953  0.034       NaN    NaN
  2019     2     0.936  0.052     0.937  0.044     0.934  0.034     0.960  0.034       NaN    NaN
  2019     3     1.146  0.064     0.944  0.040     0.934  0.035     0.965  0.034       NaN    NaN
  2019     4     1.047  0.050     0.954  0.037     0.935  0.035     0.969  0.033       NaN    NaN
  2019     5     0.888  0.043     0.967  0.037     0.935  0.036     0.972  0.033       NaN    NaN
  2019     6     0.894  0.078     0.982  0.035     0.934  0.036     0.977  0.033       NaN    NaN
  2019     7     0.956  0.069     1.003  0.033     0.931  0.037     0.982  0.034       NaN    NaN
  2019     8     0.935  0.070     1.025  0.034     0.926  0.036     0.986  0.034       NaN    NaN
  2019     9     0.871  0.063     1.022  0.031     0.924  0.037     0.990  0.034       NaN    NaN
  2019    10     1.097  0.043     1.032  0.030     0.922  0.037     0.994  0.034       NaN    NaN
  2019    11     0.987  0.051     1.040  0.029     0.921  0.037     1.000  0.034       NaN    NaN
  2019    12     1.124  0.063     1.044  0.026     0.924  0.038     1.004  0.034       NaN    NaN
  2020     1     1.161  0.064     1.045  0.025     0.926  0.037     1.009  0.034       NaN    NaN
  2020     2     1.189  0.043     1.042  0.025     0.927  0.038     1.012  0.034       NaN    NaN
  2020     3     1.120  0.039     1.049  0.030     0.929  0.037     1.016  0.034       NaN    NaN
  2020     4     1.162  0.034     1.035  0.033     0.931  0.037     1.020  0.034       NaN    NaN
  2020     5     0.985  0.034     1.044  0.033     0.929  0.037     1.022  0.034       NaN    NaN
  2020     6     0.944  0.059     1.020  0.035     0.929  0.037     1.024  0.034       NaN    NaN
  2020     7     0.961  0.054     0.993  0.036     0.930  0.037     1.026  0.034       NaN    NaN
  2020     8     0.897  0.082     0.948  0.040     0.931  0.037     1.028  0.034       NaN    NaN
  2020     9     0.960  0.069     0.922  0.043     0.937  0.037     1.031  0.034       NaN    NaN
  2020    10     0.924  0.041     0.893  0.045     0.939  0.037     1.033  0.034       NaN    NaN
  2020    11     1.097  0.044     0.880  0.048     0.942  0.037     1.034  0.034       NaN    NaN
  2020    12     0.844  0.058     0.871  0.049     0.948  0.037     1.034  0.034       NaN    NaN
  2021     1     0.831  0.084     0.865  0.052     0.956  0.037     1.034  0.034       NaN    NaN
  2021     2     0.648  0.088     0.868  0.054     0.965  0.037     1.033  0.034       NaN    NaN
  2021     3     0.805  0.056     0.867  0.053     0.976  0.037     1.033  0.034       NaN    NaN
  2021     4     0.821  0.051     0.878  0.053     0.983  0.037     1.033  0.035       NaN    NaN
  2021     5     0.829  0.064     0.865  0.053     0.993  0.037     1.035  0.035       NaN    NaN
  2021     6     0.837  0.098     0.867  0.053     1.001  0.036     1.037  0.035       NaN    NaN
  2021     7     0.892  0.079     0.872  0.050     1.007  0.036       NaN    NaN       NaN    NaN
  2021     8     0.923  0.103     0.888  0.047     1.014  0.036       NaN    NaN       NaN    NaN
  2021     9     0.948  0.058     0.906  0.047     1.017  0.036       NaN    NaN       NaN    NaN
  2021    10     1.057  0.049     0.910  0.045     1.021  0.035       NaN    NaN       NaN    NaN
  2021    11     0.941  0.047     0.911  0.045     1.026  0.036       NaN    NaN       NaN    NaN
  2021    12     0.873  0.059     0.924  0.044     1.032  0.036       NaN    NaN       NaN    NaN
  2022     1     0.889  0.052     0.929  0.041     1.036  0.036       NaN    NaN       NaN    NaN
  2022     2     0.845  0.048     0.930  0.037     1.042  0.036       NaN    NaN       NaN    NaN
  2022     3     1.016  0.053     0.927  0.037     1.049  0.037       NaN    NaN       NaN    NaN
  2022     4     0.868  0.041     0.926  0.037     1.054  0.038       NaN    NaN       NaN    NaN
  2022     5     0.843  0.059     0.910  0.039     1.060  0.038       NaN    NaN       NaN    NaN
  2022     6     0.998  0.067     0.913  0.039     1.063  0.038       NaN    NaN       NaN    NaN
  2022     7     0.947  0.056     0.913  0.040     1.067  0.038       NaN    NaN       NaN    NaN
  2022     8     0.936  0.059     0.921  0.040     1.068  0.038       NaN    NaN       NaN    NaN
  2022     9     0.908  0.058     0.937  0.039     1.071  0.038       NaN    NaN       NaN    NaN
  2022    10     1.049  0.057     0.952  0.039     1.072  0.039       NaN    NaN       NaN    NaN
  2022    11     0.748  0.071     0.965  0.039     1.074  0.039       NaN    NaN       NaN    NaN
  2022    12     0.907  0.064     0.980  0.037     1.076  0.039       NaN    NaN       NaN    NaN
  2023     1     0.885  0.063     1.013  0.037     1.078  0.039       NaN    NaN       NaN    NaN
  2023     2     0.947  0.068     1.047  0.037     1.082  0.039       NaN    NaN       NaN    NaN
  2023     3     1.209  0.037     1.094  0.039     1.087  0.038       NaN    NaN       NaN    NaN
  2023     4     1.047  0.041     1.125  0.039     1.092  0.038       NaN    NaN       NaN    NaN
  2023     5     0.994  0.066     1.181  0.037     1.094  0.038       NaN    NaN       NaN    NaN
  2023     6     1.180  0.051     1.222  0.035     1.099  0.038       NaN    NaN       NaN    NaN
  2023     7     1.346  0.065     1.253  0.036     1.104  0.038       NaN    NaN       NaN    NaN
  2023     8     1.343  0.056     1.290  0.037     1.114  0.038       NaN    NaN       NaN    NaN
  2023     9     1.478  0.069     1.296  0.037     1.121  0.038       NaN    NaN       NaN    NaN
  2023    10     1.415  0.057     1.317  0.037     1.127  0.038       NaN    NaN       NaN    NaN
  2023    11     1.419  0.046     1.332  0.037     1.133  0.038       NaN    NaN       NaN    NaN
  2023    12     1.402  0.070     1.338  0.038     1.139  0.038       NaN    NaN       NaN    NaN
  2024     1     1.261  0.066     1.330  0.040       NaN    NaN       NaN    NaN       NaN    NaN
  2024     2     1.385  0.081     1.325  0.042       NaN    NaN       NaN    NaN       NaN    NaN
  2024     3     1.287  0.039     1.309  0.042       NaN    NaN       NaN    NaN       NaN    NaN
  2024     4     1.295  0.072     1.305  0.043       NaN    NaN       NaN    NaN       NaN    NaN
  2024     5     1.176  0.061     1.300  0.041       NaN    NaN       NaN    NaN       NaN    NaN
  2024     6     1.251  0.060     1.292  0.040       NaN    NaN       NaN    NaN       NaN    NaN
  2024     7     1.249  0.058     1.302  0.039       NaN    NaN       NaN    NaN       NaN    NaN
  2024     8     1.285  0.071     1.293  0.040       NaN    NaN       NaN    NaN       NaN    NaN
  2024     9     1.284  0.082     1.294  0.040       NaN    NaN       NaN    NaN       NaN    NaN
  2024    10     1.369  0.042     1.288  0.044       NaN    NaN       NaN    NaN       NaN    NaN
  2024    11     1.355  0.053     1.282  0.043       NaN    NaN       NaN    NaN       NaN    NaN
  2024    12     1.312  0.063     1.268  0.043       NaN    NaN       NaN    NaN       NaN    NaN
  2025     1     1.381  0.053     1.252  0.042       NaN    NaN       NaN    NaN       NaN    NaN
  2025     2     1.277  0.064     1.240  0.040       NaN    NaN       NaN    NaN       NaN    NaN
  2025     3     1.293  0.045     1.238  0.038       NaN    NaN       NaN    NaN       NaN    NaN
  2025     4     1.227  0.054     1.228  0.038       NaN    NaN       NaN    NaN       NaN    NaN
  2025     5     1.100  0.061     1.217  0.038       NaN    NaN       NaN    NaN       NaN    NaN
  2025     6     1.080  0.054     1.200  0.038       NaN    NaN       NaN    NaN       NaN    NaN
  2025     7     1.061  0.055     1.181  0.039       NaN    NaN       NaN    NaN       NaN    NaN
  2025     8     1.140  0.058     1.177  0.039       NaN    NaN       NaN    NaN       NaN    NaN
  2025     9     1.260  0.058     1.172  0.040       NaN    NaN       NaN    NaN       NaN    NaN
  2025    10     1.247  0.053     1.168  0.041       NaN    NaN       NaN    NaN       NaN    NaN
  2025    11     1.224  0.059     1.173  0.039       NaN    NaN       NaN    NaN       NaN    NaN
  2025    12     1.106  0.050     1.184  0.040       NaN    NaN       NaN    NaN       NaN    NaN
  2026     1     1.161  0.068       NaN    NaN       NaN    NaN       NaN    NaN       NaN    NaN
  2026     2     1.228  0.080       NaN    NaN       NaN    NaN       NaN    NaN       NaN    NaN
  2026     3     1.227  0.069       NaN    NaN       NaN    NaN       NaN    NaN       NaN    NaN
  2026     4     1.183  0.090       NaN    NaN       NaN    NaN       NaN    NaN       NaN    NaN
  2026     5     1.160  0.077       NaN    NaN       NaN    NaN       NaN    NaN       NaN    NaN
  2026     6     1.215  0.085       NaN    NaN       NaN    NaN       NaN    NaN       NaN    NaN
